-- K-LINE MEN admin — seed catalog (Phase 1b)
--
-- Generated by admin-app/scripts/build-seed.mjs from assets/js/products.js.
-- Do not edit by hand. Re-run `npm run db:seed:build` after editing products.js
-- to regenerate this file, then re-apply migrations to refresh the catalog.
--
-- Source rows: 17 categories, 189 products.
--
-- All seeded rows are status='published' so the live site sees them as
-- already-approved content. Manager + Editor flows kick in for any future
-- edits via the admin UI.

-- Categories (17)
INSERT INTO categories (slug, label, sort_order, status, created_by, updated_by) VALUES ('shirts', 'Shirts', 0, 'published', 'seed', 'seed');
INSERT INTO categories (slug, label, sort_order, status, created_by, updated_by) VALUES ('polos', 'Polos', 1, 'published', 'seed', 'seed');
INSERT INTO categories (slug, label, sort_order, status, created_by, updated_by) VALUES ('trousers', 'Trousers', 2, 'published', 'seed', 'seed');
INSERT INTO categories (slug, label, sort_order, status, created_by, updated_by) VALUES ('khakis', 'Chinos & Khakis', 3, 'published', 'seed', 'seed');
INSERT INTO categories (slug, label, sort_order, status, created_by, updated_by) VALUES ('jeans', 'Jeans', 4, 'published', 'seed', 'seed');
INSERT INTO categories (slug, label, sort_order, status, created_by, updated_by) VALUES ('sweaters', 'Knitwear', 5, 'published', 'seed', 'seed');
INSERT INTO categories (slug, label, sort_order, status, created_by, updated_by) VALUES ('blazers', 'Blazers', 6, 'published', 'seed', 'seed');
INSERT INTO categories (slug, label, sort_order, status, created_by, updated_by) VALUES ('suits', 'Suits', 7, 'published', 'seed', 'seed');
INSERT INTO categories (slug, label, sort_order, status, created_by, updated_by) VALUES ('coats', 'Coats', 8, 'published', 'seed', 'seed');
INSERT INTO categories (slug, label, sort_order, status, created_by, updated_by) VALUES ('jackets', 'Jackets', 9, 'published', 'seed', 'seed');
INSERT INTO categories (slug, label, sort_order, status, created_by, updated_by) VALUES ('shoes', 'Shoes', 10, 'published', 'seed', 'seed');
INSERT INTO categories (slug, label, sort_order, status, created_by, updated_by) VALUES ('sandals', 'Sandals', 11, 'published', 'seed', 'seed');
INSERT INTO categories (slug, label, sort_order, status, created_by, updated_by) VALUES ('caps', 'Caps', 12, 'published', 'seed', 'seed');
INSERT INTO categories (slug, label, sort_order, status, created_by, updated_by) VALUES ('gym', 'Gym & Sport', 13, 'published', 'seed', 'seed');
INSERT INTO categories (slug, label, sort_order, status, created_by, updated_by) VALUES ('sunglasses', 'Sunglasses', 14, 'published', 'seed', 'seed');
INSERT INTO categories (slug, label, sort_order, status, created_by, updated_by) VALUES ('watches', 'Watches', 15, 'published', 'seed', 'seed');
INSERT INTO categories (slug, label, sort_order, status, created_by, updated_by) VALUES ('accessories', 'Accessories', 16, 'published', 'seed', 'seed');

-- Products (189) + child rows

-- shirts-001: Sky Blue Cutaway Slim Shirt
INSERT INTO products (id, name, category_id, price, color_name, color_hex, description, status, created_by, updated_by) VALUES ('shirts-001', 'Sky Blue Cutaway Slim Shirt', (SELECT id FROM categories WHERE slug = 'shirts'), 145000, 'Sky Blue', '#bdd5ec', 'A clean sky blue dress shirt with cutaway collar, cut slim through the body — works for the office and unbuttons easily into smart-casual.', 'published', 'seed', 'seed');
INSERT INTO product_images (product_id, url, sort_order) VALUES ('shirts-001', 'assets/images/shirts/shirts-001.png', 0);
INSERT INTO product_sizes (product_id, size, sort_order) VALUES ('shirts-001', 'S', 0);
INSERT INTO product_sizes (product_id, size, sort_order) VALUES ('shirts-001', 'M', 1);
INSERT INTO product_sizes (product_id, size, sort_order) VALUES ('shirts-001', 'L', 2);
INSERT INTO product_sizes (product_id, size, sort_order) VALUES ('shirts-001', 'XL', 3);
INSERT INTO product_sizes (product_id, size, sort_order) VALUES ('shirts-001', 'XXL', 4);
INSERT INTO product_occasions (product_id, occasion, sort_order) VALUES ('shirts-001', 'work', 0);
INSERT INTO product_occasions (product_id, occasion, sort_order) VALUES ('shirts-001', 'smart-casual', 1);
INSERT INTO product_badges (product_id, badge, sort_order) VALUES ('shirts-001', 'new', 0);

-- shirts-002: Crisp White Stretch Shirt
INSERT INTO products (id, name, category_id, price, color_name, color_hex, description, status, created_by, updated_by) VALUES ('shirts-002', 'Crisp White Stretch Shirt', (SELECT id FROM categories WHERE slug = 'shirts'), 135000, 'White', '#ffffff', 'The shirt every man should own. Soft stretch cotton, classic spread collar, tailored slim fit.', 'published', 'seed', 'seed');
INSERT INTO product_images (product_id, url, sort_order) VALUES ('shirts-002', 'assets/images/shirts/shirts-002.png', 0);
INSERT INTO product_sizes (product_id, size, sort_order) VALUES ('shirts-002', 'S', 0);
INSERT INTO product_sizes (product_id, size, sort_order) VALUES ('shirts-002', 'M', 1);
INSERT INTO product_sizes (product_id, size, sort_order) VALUES ('shirts-002', 'L', 2);
INSERT INTO product_sizes (product_id, size, sort_order) VALUES ('shirts-002', 'XL', 3);
INSERT INTO product_sizes (product_id, size, sort_order) VALUES ('shirts-002', 'XXL', 4);
INSERT INTO product_occasions (product_id, occasion, sort_order) VALUES ('shirts-002', 'work', 0);
INSERT INTO product_occasions (product_id, occasion, sort_order) VALUES ('shirts-002', 'formal', 1);
INSERT INTO product_badges (product_id, badge, sort_order) VALUES ('shirts-002', 'bestseller', 0);

-- shirts-003: Classic White Spread Collar Shirt
INSERT INTO products (id, name, category_id, price, color_name, color_hex, description, status, created_by, updated_by) VALUES ('shirts-003', 'Classic White Spread Collar Shirt', (SELECT id FROM categories WHERE slug = 'shirts'), 140000, 'White', '#ffffff', 'A premium white shirt with a regular spread collar — versatile enough for boardrooms, weddings, or under a blazer.', 'published', 'seed', 'seed');
INSERT INTO product_images (product_id, url, sort_order) VALUES ('shirts-003', 'assets/images/shirts/shirts-003.png', 0);
INSERT INTO product_sizes (product_id, size, sort_order) VALUES ('shirts-003', 'S', 0);
INSERT INTO product_sizes (product_id, size, sort_order) VALUES ('shirts-003', 'M', 1);
INSERT INTO product_sizes (product_id, size, sort_order) VALUES ('shirts-003', 'L', 2);
INSERT INTO product_sizes (product_id, size, sort_order) VALUES ('shirts-003', 'XL', 3);
INSERT INTO product_sizes (product_id, size, sort_order) VALUES ('shirts-003', 'XXL', 4);
INSERT INTO product_occasions (product_id, occasion, sort_order) VALUES ('shirts-003', 'work', 0);
INSERT INTO product_occasions (product_id, occasion, sort_order) VALUES ('shirts-003', 'formal', 1);

-- shirts-004: Sky Blue Oxford Button-Down
INSERT INTO products (id, name, category_id, price, color_name, color_hex, description, status, created_by, updated_by) VALUES ('shirts-004', 'Sky Blue Oxford Button-Down', (SELECT id FROM categories WHERE slug = 'shirts'), 150000, 'Sky Blue', '#b9d0e6', 'The classic oxford button-down in soft sky blue. Wear it with a tie, with chinos, or with jeans on Saturday.', 'published', 'seed', 'seed');
INSERT INTO product_images (product_id, url, sort_order) VALUES ('shirts-004', 'assets/images/shirts/shirts-004.png', 0);
INSERT INTO product_sizes (product_id, size, sort_order) VALUES ('shirts-004', 'S', 0);
INSERT INTO product_sizes (product_id, size, sort_order) VALUES ('shirts-004', 'M', 1);
INSERT INTO product_sizes (product_id, size, sort_order) VALUES ('shirts-004', 'L', 2);
INSERT INTO product_sizes (product_id, size, sort_order) VALUES ('shirts-004', 'XL', 3);
INSERT INTO product_sizes (product_id, size, sort_order) VALUES ('shirts-004', 'XXL', 4);
INSERT INTO product_occasions (product_id, occasion, sort_order) VALUES ('shirts-004', 'smart-casual', 0);
INSERT INTO product_occasions (product_id, occasion, sort_order) VALUES ('shirts-004', 'weekend', 1);

-- shirts-005: Jet Black Slim Dress Shirt
INSERT INTO products (id, name, category_id, price, color_name, color_hex, description, status, created_by, updated_by) VALUES ('shirts-005', 'Jet Black Slim Dress Shirt', (SELECT id FROM categories WHERE slug = 'shirts'), 145000, 'Black', '#0e0e10', 'A confident black shirt with a slim, modern cut — pair with a dark suit for evening events or wear open-collar with chinos.', 'published', 'seed', 'seed');
INSERT INTO product_images (product_id, url, sort_order) VALUES ('shirts-005', 'assets/images/shirts/shirts-005.png', 0);
INSERT INTO product_sizes (product_id, size, sort_order) VALUES ('shirts-005', 'S', 0);
INSERT INTO product_sizes (product_id, size, sort_order) VALUES ('shirts-005', 'M', 1);
INSERT INTO product_sizes (product_id, size, sort_order) VALUES ('shirts-005', 'L', 2);
INSERT INTO product_sizes (product_id, size, sort_order) VALUES ('shirts-005', 'XL', 3);
INSERT INTO product_sizes (product_id, size, sort_order) VALUES ('shirts-005', 'XXL', 4);
INSERT INTO product_occasions (product_id, occasion, sort_order) VALUES ('shirts-005', 'event', 0);
INSERT INTO product_occasions (product_id, occasion, sort_order) VALUES ('shirts-005', 'formal', 1);

-- shirts-006: Sand Linen Casual Shirt
INSERT INTO products (id, name, category_id, price, color_name, color_hex, description, status, created_by, updated_by) VALUES ('shirts-006', 'Sand Linen Casual Shirt', (SELECT id FROM categories WHERE slug = 'shirts'), 155000, 'Sand', '#d6c4a3', 'Lightweight linen in a warm sand tone — relaxed, breathable, and easy to throw over a tee or under a blazer.', 'published', 'seed', 'seed');
INSERT INTO product_images (product_id, url, sort_order) VALUES ('shirts-006', 'assets/images/shirts/shirts-006.png', 0);
INSERT INTO product_sizes (product_id, size, sort_order) VALUES ('shirts-006', 'S', 0);
INSERT INTO product_sizes (product_id, size, sort_order) VALUES ('shirts-006', 'M', 1);
INSERT INTO product_sizes (product_id, size, sort_order) VALUES ('shirts-006', 'L', 2);
INSERT INTO product_sizes (product_id, size, sort_order) VALUES ('shirts-006', 'XL', 3);
INSERT INTO product_sizes (product_id, size, sort_order) VALUES ('shirts-006', 'XXL', 4);
INSERT INTO product_occasions (product_id, occasion, sort_order) VALUES ('shirts-006', 'weekend', 0);
INSERT INTO product_occasions (product_id, occasion, sort_order) VALUES ('shirts-006', 'smart-casual', 1);

-- shirts-007: Navy Gingham Premium Shirt
INSERT INTO products (id, name, category_id, price, color_name, color_hex, description, status, created_by, updated_by) VALUES ('shirts-007', 'Navy Gingham Premium Shirt', (SELECT id FROM categories WHERE slug = 'shirts'), 130000, 'Navy Check', '#1f3556', 'A small navy-and-white gingham check, button-down collar, and a soft hand feel — the everyday smart-casual workhorse.', 'published', 'seed', 'seed');
INSERT INTO product_images (product_id, url, sort_order) VALUES ('shirts-007', 'assets/images/shirts/shirts-007.png', 0);
INSERT INTO product_sizes (product_id, size, sort_order) VALUES ('shirts-007', 'S', 0);
INSERT INTO product_sizes (product_id, size, sort_order) VALUES ('shirts-007', 'M', 1);
INSERT INTO product_sizes (product_id, size, sort_order) VALUES ('shirts-007', 'L', 2);
INSERT INTO product_sizes (product_id, size, sort_order) VALUES ('shirts-007', 'XL', 3);
INSERT INTO product_sizes (product_id, size, sort_order) VALUES ('shirts-007', 'XXL', 4);
INSERT INTO product_occasions (product_id, occasion, sort_order) VALUES ('shirts-007', 'smart-casual', 0);
INSERT INTO product_occasions (product_id, occasion, sort_order) VALUES ('shirts-007', 'weekend', 1);

-- shirts-008: Red Buffalo Check Flannel
INSERT INTO products (id, name, category_id, price, color_name, color_hex, description, status, created_by, updated_by) VALUES ('shirts-008', 'Red Buffalo Check Flannel', (SELECT id FROM categories WHERE slug = 'shirts'), 160000, 'Red Plaid', '#a4232b', 'Heavyweight brushed flannel in classic red-and-black buffalo check. Twin chest pockets, perfect for cooler evenings.', 'published', 'seed', 'seed');
INSERT INTO product_images (product_id, url, sort_order) VALUES ('shirts-008', 'assets/images/shirts/shirts-008.png', 0);
INSERT INTO product_sizes (product_id, size, sort_order) VALUES ('shirts-008', 'S', 0);
INSERT INTO product_sizes (product_id, size, sort_order) VALUES ('shirts-008', 'M', 1);
INSERT INTO product_sizes (product_id, size, sort_order) VALUES ('shirts-008', 'L', 2);
INSERT INTO product_sizes (product_id, size, sort_order) VALUES ('shirts-008', 'XL', 3);
INSERT INTO product_sizes (product_id, size, sort_order) VALUES ('shirts-008', 'XXL', 4);
INSERT INTO product_occasions (product_id, occasion, sort_order) VALUES ('shirts-008', 'weekend', 0);
INSERT INTO product_occasions (product_id, occasion, sort_order) VALUES ('shirts-008', 'casual', 1);

-- shirts-009: Blue Bengal Stripe Shirt
INSERT INTO products (id, name, category_id, price, color_name, color_hex, description, status, created_by, updated_by) VALUES ('shirts-009', 'Blue Bengal Stripe Shirt', (SELECT id FROM categories WHERE slug = 'shirts'), 135000, 'Blue Stripe', '#7eaad6', 'Crisp blue-and-white Bengal stripes with a chest pocket — a stylish step away from the plain shirt without going loud.', 'published', 'seed', 'seed');
INSERT INTO product_images (product_id, url, sort_order) VALUES ('shirts-009', 'assets/images/shirts/shirts-009.png', 0);
INSERT INTO product_sizes (product_id, size, sort_order) VALUES ('shirts-009', 'S', 0);
INSERT INTO product_sizes (product_id, size, sort_order) VALUES ('shirts-009', 'M', 1);
INSERT INTO product_sizes (product_id, size, sort_order) VALUES ('shirts-009', 'L', 2);
INSERT INTO product_sizes (product_id, size, sort_order) VALUES ('shirts-009', 'XL', 3);
INSERT INTO product_sizes (product_id, size, sort_order) VALUES ('shirts-009', 'XXL', 4);
INSERT INTO product_occasions (product_id, occasion, sort_order) VALUES ('shirts-009', 'work', 0);
INSERT INTO product_occasions (product_id, occasion, sort_order) VALUES ('shirts-009', 'smart-casual', 1);

-- shirts-010: Forest Green Gingham Shirt
INSERT INTO products (id, name, category_id, price, color_name, color_hex, description, status, created_by, updated_by) VALUES ('shirts-010', 'Forest Green Gingham Shirt', (SELECT id FROM categories WHERE slug = 'shirts'), 130000, 'Forest Check', '#345e3d', 'A small green gingham check, button-down collar — works back with chinos, jeans, or under a navy blazer.', 'published', 'seed', 'seed');
INSERT INTO product_images (product_id, url, sort_order) VALUES ('shirts-010', 'assets/images/shirts/shirts-010.png', 0);
INSERT INTO product_sizes (product_id, size, sort_order) VALUES ('shirts-010', 'S', 0);
INSERT INTO product_sizes (product_id, size, sort_order) VALUES ('shirts-010', 'M', 1);
INSERT INTO product_sizes (product_id, size, sort_order) VALUES ('shirts-010', 'L', 2);
INSERT INTO product_sizes (product_id, size, sort_order) VALUES ('shirts-010', 'XL', 3);
INSERT INTO product_sizes (product_id, size, sort_order) VALUES ('shirts-010', 'XXL', 4);
INSERT INTO product_occasions (product_id, occasion, sort_order) VALUES ('shirts-010', 'smart-casual', 0);
INSERT INTO product_occasions (product_id, occasion, sort_order) VALUES ('shirts-010', 'weekend', 1);

-- shirts-011: Soft Pink Slim Shirt
INSERT INTO products (id, name, category_id, price, color_name, color_hex, description, status, created_by, updated_by) VALUES ('shirts-011', 'Soft Pink Slim Shirt', (SELECT id FROM categories WHERE slug = 'shirts'), 135000, 'Soft Pink', '#f1c4ce', 'A confident pink shirt cut slim — pairs especially well with navy or charcoal tailoring.', 'published', 'seed', 'seed');
INSERT INTO product_images (product_id, url, sort_order) VALUES ('shirts-011', 'assets/images/shirts/shirts-011.png', 0);
INSERT INTO product_sizes (product_id, size, sort_order) VALUES ('shirts-011', 'S', 0);
INSERT INTO product_sizes (product_id, size, sort_order) VALUES ('shirts-011', 'M', 1);
INSERT INTO product_sizes (product_id, size, sort_order) VALUES ('shirts-011', 'L', 2);
INSERT INTO product_sizes (product_id, size, sort_order) VALUES ('shirts-011', 'XL', 3);
INSERT INTO product_sizes (product_id, size, sort_order) VALUES ('shirts-011', 'XXL', 4);
INSERT INTO product_occasions (product_id, occasion, sort_order) VALUES ('shirts-011', 'work', 0);
INSERT INTO product_occasions (product_id, occasion, sort_order) VALUES ('shirts-011', 'smart-casual', 1);

-- shirts-012: Indigo Denim Casual Shirt
INSERT INTO products (id, name, category_id, price, color_name, color_hex, description, status, created_by, updated_by) VALUES ('shirts-012', 'Indigo Denim Casual Shirt', (SELECT id FROM categories WHERE slug = 'shirts'), 150000, 'Indigo', '#4d6e95', 'A washed-indigo denim shirt with a single chest pocket — wear open over a tee or buttoned up with chinos.', 'published', 'seed', 'seed');
INSERT INTO product_images (product_id, url, sort_order) VALUES ('shirts-012', 'assets/images/shirts/shirts-012.png', 0);
INSERT INTO product_sizes (product_id, size, sort_order) VALUES ('shirts-012', 'S', 0);
INSERT INTO product_sizes (product_id, size, sort_order) VALUES ('shirts-012', 'M', 1);
INSERT INTO product_sizes (product_id, size, sort_order) VALUES ('shirts-012', 'L', 2);
INSERT INTO product_sizes (product_id, size, sort_order) VALUES ('shirts-012', 'XL', 3);
INSERT INTO product_sizes (product_id, size, sort_order) VALUES ('shirts-012', 'XXL', 4);
INSERT INTO product_occasions (product_id, occasion, sort_order) VALUES ('shirts-012', 'weekend', 0);
INSERT INTO product_occasions (product_id, occasion, sort_order) VALUES ('shirts-012', 'casual', 1);

-- polos-001: K-LINE Signature Navy Polo
INSERT INTO products (id, name, category_id, price, color_name, color_hex, description, status, created_by, updated_by) VALUES ('polos-001', 'K-LINE Signature Navy Polo', (SELECT id FROM categories WHERE slug = 'polos'), 145000, 'Navy', '#1c2a44', 'The K-LINE signature polo: heavyweight cotton piqué, tonal embroidered K, and a cleaner cut than the rest of the rack.', 'published', 'seed', 'seed');
INSERT INTO product_images (product_id, url, sort_order) VALUES ('polos-001', 'assets/images/polos/polos-001.png', 0);
INSERT INTO product_sizes (product_id, size, sort_order) VALUES ('polos-001', 'S', 0);
INSERT INTO product_sizes (product_id, size, sort_order) VALUES ('polos-001', 'M', 1);
INSERT INTO product_sizes (product_id, size, sort_order) VALUES ('polos-001', 'L', 2);
INSERT INTO product_sizes (product_id, size, sort_order) VALUES ('polos-001', 'XL', 3);
INSERT INTO product_sizes (product_id, size, sort_order) VALUES ('polos-001', 'XXL', 4);
INSERT INTO product_occasions (product_id, occasion, sort_order) VALUES ('polos-001', 'weekend', 0);
INSERT INTO product_occasions (product_id, occasion, sort_order) VALUES ('polos-001', 'smart-casual', 1);
INSERT INTO product_badges (product_id, badge, sort_order) VALUES ('polos-001', 'signature', 0);
INSERT INTO product_badges (product_id, badge, sort_order) VALUES ('polos-001', 'bestseller', 1);

-- polos-002: Navy Pique Polo
INSERT INTO products (id, name, category_id, price, color_name, color_hex, description, status, created_by, updated_by) VALUES ('polos-002', 'Navy Pique Polo', (SELECT id FROM categories WHERE slug = 'polos'), 95000, 'Navy', '#1c2a44', 'A clean navy piqué polo — short collar, mother-of-pearl buttons, no logo on the chest.', 'published', 'seed', 'seed');
INSERT INTO product_images (product_id, url, sort_order) VALUES ('polos-002', 'assets/images/polos/polos-002.png', 0);
INSERT INTO product_sizes (product_id, size, sort_order) VALUES ('polos-002', 'S', 0);
INSERT INTO product_sizes (product_id, size, sort_order) VALUES ('polos-002', 'M', 1);
INSERT INTO product_sizes (product_id, size, sort_order) VALUES ('polos-002', 'L', 2);
INSERT INTO product_sizes (product_id, size, sort_order) VALUES ('polos-002', 'XL', 3);
INSERT INTO product_sizes (product_id, size, sort_order) VALUES ('polos-002', 'XXL', 4);
INSERT INTO product_occasions (product_id, occasion, sort_order) VALUES ('polos-002', 'weekend', 0);
INSERT INTO product_occasions (product_id, occasion, sort_order) VALUES ('polos-002', 'smart-casual', 1);

-- polos-003: Classic White Polo
INSERT INTO products (id, name, category_id, price, color_name, color_hex, description, status, created_by, updated_by) VALUES ('polos-003', 'Classic White Polo', (SELECT id FROM categories WHERE slug = 'polos'), 90000, 'White', '#ffffff', 'A bright white piqué polo for warmer days — stands up well under a blazer or alone with chinos.', 'published', 'seed', 'seed');
INSERT INTO product_images (product_id, url, sort_order) VALUES ('polos-003', 'assets/images/polos/polos-003.png', 0);
INSERT INTO product_sizes (product_id, size, sort_order) VALUES ('polos-003', 'S', 0);
INSERT INTO product_sizes (product_id, size, sort_order) VALUES ('polos-003', 'M', 1);
INSERT INTO product_sizes (product_id, size, sort_order) VALUES ('polos-003', 'L', 2);
INSERT INTO product_sizes (product_id, size, sort_order) VALUES ('polos-003', 'XL', 3);
INSERT INTO product_sizes (product_id, size, sort_order) VALUES ('polos-003', 'XXL', 4);
INSERT INTO product_occasions (product_id, occasion, sort_order) VALUES ('polos-003', 'weekend', 0);
INSERT INTO product_occasions (product_id, occasion, sort_order) VALUES ('polos-003', 'smart-casual', 1);

-- polos-004: Olive Pique Polo
INSERT INTO products (id, name, category_id, price, color_name, color_hex, description, status, created_by, updated_by) VALUES ('polos-004', 'Olive Pique Polo', (SELECT id FROM categories WHERE slug = 'polos'), 95000, 'Olive', '#5a6938', 'Earthy olive piqué — a quiet alternative to the usual navy or black, looks especially good on darker complexions.', 'published', 'seed', 'seed');
INSERT INTO product_images (product_id, url, sort_order) VALUES ('polos-004', 'assets/images/polos/polos-004.png', 0);
INSERT INTO product_sizes (product_id, size, sort_order) VALUES ('polos-004', 'S', 0);
INSERT INTO product_sizes (product_id, size, sort_order) VALUES ('polos-004', 'M', 1);
INSERT INTO product_sizes (product_id, size, sort_order) VALUES ('polos-004', 'L', 2);
INSERT INTO product_sizes (product_id, size, sort_order) VALUES ('polos-004', 'XL', 3);
INSERT INTO product_sizes (product_id, size, sort_order) VALUES ('polos-004', 'XXL', 4);
INSERT INTO product_occasions (product_id, occasion, sort_order) VALUES ('polos-004', 'weekend', 0);
INSERT INTO product_occasions (product_id, occasion, sort_order) VALUES ('polos-004', 'casual', 1);

-- polos-005: Sand Pique Polo
INSERT INTO products (id, name, category_id, price, color_name, color_hex, description, status, created_by, updated_by) VALUES ('polos-005', 'Sand Pique Polo', (SELECT id FROM categories WHERE slug = 'polos'), 95000, 'Sand', '#d8c8a7', 'A warm sand-coloured polo, perfect with white chinos for a relaxed summer outfit.', 'published', 'seed', 'seed');
INSERT INTO product_images (product_id, url, sort_order) VALUES ('polos-005', 'assets/images/polos/polos-005.png', 0);
INSERT INTO product_sizes (product_id, size, sort_order) VALUES ('polos-005', 'S', 0);
INSERT INTO product_sizes (product_id, size, sort_order) VALUES ('polos-005', 'M', 1);
INSERT INTO product_sizes (product_id, size, sort_order) VALUES ('polos-005', 'L', 2);
INSERT INTO product_sizes (product_id, size, sort_order) VALUES ('polos-005', 'XL', 3);
INSERT INTO product_sizes (product_id, size, sort_order) VALUES ('polos-005', 'XXL', 4);
INSERT INTO product_occasions (product_id, occasion, sort_order) VALUES ('polos-005', 'weekend', 0);
INSERT INTO product_occasions (product_id, occasion, sort_order) VALUES ('polos-005', 'smart-casual', 1);

-- polos-006: Burgundy Pique Polo
INSERT INTO products (id, name, category_id, price, color_name, color_hex, description, status, created_by, updated_by) VALUES ('polos-006', 'Burgundy Pique Polo', (SELECT id FROM categories WHERE slug = 'polos'), 95000, 'Burgundy', '#6e1f29', 'A rich burgundy that adds quiet character to khakis or grey trousers without shouting.', 'published', 'seed', 'seed');
INSERT INTO product_images (product_id, url, sort_order) VALUES ('polos-006', 'assets/images/polos/polos-006.png', 0);
INSERT INTO product_sizes (product_id, size, sort_order) VALUES ('polos-006', 'S', 0);
INSERT INTO product_sizes (product_id, size, sort_order) VALUES ('polos-006', 'M', 1);
INSERT INTO product_sizes (product_id, size, sort_order) VALUES ('polos-006', 'L', 2);
INSERT INTO product_sizes (product_id, size, sort_order) VALUES ('polos-006', 'XL', 3);
INSERT INTO product_sizes (product_id, size, sort_order) VALUES ('polos-006', 'XXL', 4);
INSERT INTO product_occasions (product_id, occasion, sort_order) VALUES ('polos-006', 'weekend', 0);
INSERT INTO product_occasions (product_id, occasion, sort_order) VALUES ('polos-006', 'smart-casual', 1);

-- polos-007: Tipped Collar Black Polo
INSERT INTO products (id, name, category_id, price, color_name, color_hex, description, status, created_by, updated_by) VALUES ('polos-007', 'Tipped Collar Black Polo', (SELECT id FROM categories WHERE slug = 'polos'), 105000, 'Black', '#0e0e10', 'Black piqué with white-tipped collar and cuffs — slightly dressier than a plain polo, still casual.', 'published', 'seed', 'seed');
INSERT INTO product_images (product_id, url, sort_order) VALUES ('polos-007', 'assets/images/polos/polos-007.png', 0);
INSERT INTO product_sizes (product_id, size, sort_order) VALUES ('polos-007', 'S', 0);
INSERT INTO product_sizes (product_id, size, sort_order) VALUES ('polos-007', 'M', 1);
INSERT INTO product_sizes (product_id, size, sort_order) VALUES ('polos-007', 'L', 2);
INSERT INTO product_sizes (product_id, size, sort_order) VALUES ('polos-007', 'XL', 3);
INSERT INTO product_sizes (product_id, size, sort_order) VALUES ('polos-007', 'XXL', 4);
INSERT INTO product_occasions (product_id, occasion, sort_order) VALUES ('polos-007', 'weekend', 0);
INSERT INTO product_occasions (product_id, occasion, sort_order) VALUES ('polos-007', 'smart-casual', 1);

-- polos-008: Sky Stripe Performance Polo
INSERT INTO products (id, name, category_id, price, color_name, color_hex, description, status, created_by, updated_by) VALUES ('polos-008', 'Sky Stripe Performance Polo', (SELECT id FROM categories WHERE slug = 'polos'), 110000, 'Sky Stripe', '#7fa9d1', 'A fine-stripe performance polo in a soft, breathable knit — equally at home on the golf course or on a Saturday brunch.', 'published', 'seed', 'seed');
INSERT INTO product_images (product_id, url, sort_order) VALUES ('polos-008', 'assets/images/polos/polos-008.png', 0);
INSERT INTO product_sizes (product_id, size, sort_order) VALUES ('polos-008', 'S', 0);
INSERT INTO product_sizes (product_id, size, sort_order) VALUES ('polos-008', 'M', 1);
INSERT INTO product_sizes (product_id, size, sort_order) VALUES ('polos-008', 'L', 2);
INSERT INTO product_sizes (product_id, size, sort_order) VALUES ('polos-008', 'XL', 3);
INSERT INTO product_sizes (product_id, size, sort_order) VALUES ('polos-008', 'XXL', 4);
INSERT INTO product_occasions (product_id, occasion, sort_order) VALUES ('polos-008', 'weekend', 0);
INSERT INTO product_occasions (product_id, occasion, sort_order) VALUES ('polos-008', 'sport', 1);

-- polos-009: Charcoal Pocket Polo
INSERT INTO products (id, name, category_id, price, color_name, color_hex, description, status, created_by, updated_by) VALUES ('polos-009', 'Charcoal Pocket Polo', (SELECT id FROM categories WHERE slug = 'polos'), 100000, 'Charcoal', '#3a3d41', 'Heavyweight charcoal piqué with a single chest pocket — quietly confident, pairs with anything.', 'published', 'seed', 'seed');
INSERT INTO product_images (product_id, url, sort_order) VALUES ('polos-009', 'assets/images/polos/polos-009.png', 0);
INSERT INTO product_sizes (product_id, size, sort_order) VALUES ('polos-009', 'S', 0);
INSERT INTO product_sizes (product_id, size, sort_order) VALUES ('polos-009', 'M', 1);
INSERT INTO product_sizes (product_id, size, sort_order) VALUES ('polos-009', 'L', 2);
INSERT INTO product_sizes (product_id, size, sort_order) VALUES ('polos-009', 'XL', 3);
INSERT INTO product_sizes (product_id, size, sort_order) VALUES ('polos-009', 'XXL', 4);
INSERT INTO product_occasions (product_id, occasion, sort_order) VALUES ('polos-009', 'weekend', 0);
INSERT INTO product_occasions (product_id, occasion, sort_order) VALUES ('polos-009', 'casual', 1);

-- polos-010: Mustard Pique Polo
INSERT INTO products (id, name, category_id, price, color_name, color_hex, description, status, created_by, updated_by) VALUES ('polos-010', 'Mustard Pique Polo', (SELECT id FROM categories WHERE slug = 'polos'), 95000, 'Mustard', '#cf9b2c', 'A warm mustard polo for men who want one shirt that catches the eye in the rotation.', 'published', 'seed', 'seed');
INSERT INTO product_images (product_id, url, sort_order) VALUES ('polos-010', 'assets/images/polos/polos-010.png', 0);
INSERT INTO product_sizes (product_id, size, sort_order) VALUES ('polos-010', 'S', 0);
INSERT INTO product_sizes (product_id, size, sort_order) VALUES ('polos-010', 'M', 1);
INSERT INTO product_sizes (product_id, size, sort_order) VALUES ('polos-010', 'L', 2);
INSERT INTO product_sizes (product_id, size, sort_order) VALUES ('polos-010', 'XL', 3);
INSERT INTO product_sizes (product_id, size, sort_order) VALUES ('polos-010', 'XXL', 4);
INSERT INTO product_occasions (product_id, occasion, sort_order) VALUES ('polos-010', 'weekend', 0);
INSERT INTO product_occasions (product_id, occasion, sort_order) VALUES ('polos-010', 'casual', 1);

-- polos-011: Dusty Pink Pique Polo
INSERT INTO products (id, name, category_id, price, color_name, color_hex, description, status, created_by, updated_by) VALUES ('polos-011', 'Dusty Pink Pique Polo', (SELECT id FROM categories WHERE slug = 'polos'), 95000, 'Dusty Pink', '#e7c1c4', 'Soft, dusty pink in a heavy piqué knit — surprisingly versatile against navy and grey.', 'published', 'seed', 'seed');
INSERT INTO product_images (product_id, url, sort_order) VALUES ('polos-011', 'assets/images/polos/polos-011.png', 0);
INSERT INTO product_sizes (product_id, size, sort_order) VALUES ('polos-011', 'S', 0);
INSERT INTO product_sizes (product_id, size, sort_order) VALUES ('polos-011', 'M', 1);
INSERT INTO product_sizes (product_id, size, sort_order) VALUES ('polos-011', 'L', 2);
INSERT INTO product_sizes (product_id, size, sort_order) VALUES ('polos-011', 'XL', 3);
INSERT INTO product_sizes (product_id, size, sort_order) VALUES ('polos-011', 'XXL', 4);
INSERT INTO product_occasions (product_id, occasion, sort_order) VALUES ('polos-011', 'weekend', 0);
INSERT INTO product_occasions (product_id, occasion, sort_order) VALUES ('polos-011', 'smart-casual', 1);

-- polos-012: K-LINE Signature Burgundy Polo
INSERT INTO products (id, name, category_id, price, color_name, color_hex, description, status, created_by, updated_by) VALUES ('polos-012', 'K-LINE Signature Burgundy Polo', (SELECT id FROM categories WHERE slug = 'polos'), 145000, 'Burgundy', '#6a1f2a', 'The K-LINE signature polo in deep burgundy — tonal embroidered K, contrast under-collar, and the same heavy piqué.', 'published', 'seed', 'seed');
INSERT INTO product_images (product_id, url, sort_order) VALUES ('polos-012', 'assets/images/polos/polos-012.png', 0);
INSERT INTO product_sizes (product_id, size, sort_order) VALUES ('polos-012', 'S', 0);
INSERT INTO product_sizes (product_id, size, sort_order) VALUES ('polos-012', 'M', 1);
INSERT INTO product_sizes (product_id, size, sort_order) VALUES ('polos-012', 'L', 2);
INSERT INTO product_sizes (product_id, size, sort_order) VALUES ('polos-012', 'XL', 3);
INSERT INTO product_sizes (product_id, size, sort_order) VALUES ('polos-012', 'XXL', 4);
INSERT INTO product_occasions (product_id, occasion, sort_order) VALUES ('polos-012', 'weekend', 0);
INSERT INTO product_occasions (product_id, occasion, sort_order) VALUES ('polos-012', 'smart-casual', 1);
INSERT INTO product_badges (product_id, badge, sort_order) VALUES ('polos-012', 'signature', 0);

-- trousers-001: Navy Tailored Trouser
INSERT INTO products (id, name, category_id, price, color_name, color_hex, description, status, created_by, updated_by) VALUES ('trousers-001', 'Navy Tailored Trouser', (SELECT id FROM categories WHERE slug = 'trousers'), 195000, 'Navy', '#1c2a44', 'A navy wool-blend trouser with a clean, modern slim cut — the most versatile pair of dress trousers in any wardrobe.', 'published', 'seed', 'seed');
INSERT INTO product_images (product_id, url, sort_order) VALUES ('trousers-001', 'assets/images/trousers/trousers-001.png', 0);
INSERT INTO product_sizes (product_id, size, sort_order) VALUES ('trousers-001', '30', 0);
INSERT INTO product_sizes (product_id, size, sort_order) VALUES ('trousers-001', '32', 1);
INSERT INTO product_sizes (product_id, size, sort_order) VALUES ('trousers-001', '34', 2);
INSERT INTO product_sizes (product_id, size, sort_order) VALUES ('trousers-001', '36', 3);
INSERT INTO product_sizes (product_id, size, sort_order) VALUES ('trousers-001', '38', 4);
INSERT INTO product_sizes (product_id, size, sort_order) VALUES ('trousers-001', '40', 5);
INSERT INTO product_occasions (product_id, occasion, sort_order) VALUES ('trousers-001', 'work', 0);
INSERT INTO product_occasions (product_id, occasion, sort_order) VALUES ('trousers-001', 'formal', 1);
INSERT INTO product_badges (product_id, badge, sort_order) VALUES ('trousers-001', 'bestseller', 0);

-- trousers-002: Charcoal Wool Dress Trouser
INSERT INTO products (id, name, category_id, price, color_name, color_hex, description, status, created_by, updated_by) VALUES ('trousers-002', 'Charcoal Wool Dress Trouser', (SELECT id FROM categories WHERE slug = 'trousers'), 215000, 'Charcoal', '#3b4044', 'Charcoal wool with a sharp crease — pairs with virtually every shirt and blazer in the catalogue.', 'published', 'seed', 'seed');
INSERT INTO product_images (product_id, url, sort_order) VALUES ('trousers-002', 'assets/images/trousers/trousers-002.png', 0);
INSERT INTO product_sizes (product_id, size, sort_order) VALUES ('trousers-002', '30', 0);
INSERT INTO product_sizes (product_id, size, sort_order) VALUES ('trousers-002', '32', 1);
INSERT INTO product_sizes (product_id, size, sort_order) VALUES ('trousers-002', '34', 2);
INSERT INTO product_sizes (product_id, size, sort_order) VALUES ('trousers-002', '36', 3);
INSERT INTO product_sizes (product_id, size, sort_order) VALUES ('trousers-002', '38', 4);
INSERT INTO product_sizes (product_id, size, sort_order) VALUES ('trousers-002', '40', 5);
INSERT INTO product_occasions (product_id, occasion, sort_order) VALUES ('trousers-002', 'work', 0);
INSERT INTO product_occasions (product_id, occasion, sort_order) VALUES ('trousers-002', 'formal', 1);

-- trousers-003: Navy Slim Suit Trouser
INSERT INTO products (id, name, category_id, price, color_name, color_hex, description, status, created_by, updated_by) VALUES ('trousers-003', 'Navy Slim Suit Trouser', (SELECT id FROM categories WHERE slug = 'trousers'), 205000, 'Navy', '#1f2c46', 'A slimmer take on the navy formal trouser — flat front, tapered leg, hits clean on the shoe.', 'published', 'seed', 'seed');
INSERT INTO product_images (product_id, url, sort_order) VALUES ('trousers-003', 'assets/images/trousers/trousers-003.png', 0);
INSERT INTO product_sizes (product_id, size, sort_order) VALUES ('trousers-003', '30', 0);
INSERT INTO product_sizes (product_id, size, sort_order) VALUES ('trousers-003', '32', 1);
INSERT INTO product_sizes (product_id, size, sort_order) VALUES ('trousers-003', '34', 2);
INSERT INTO product_sizes (product_id, size, sort_order) VALUES ('trousers-003', '36', 3);
INSERT INTO product_sizes (product_id, size, sort_order) VALUES ('trousers-003', '38', 4);
INSERT INTO product_sizes (product_id, size, sort_order) VALUES ('trousers-003', '40', 5);
INSERT INTO product_occasions (product_id, occasion, sort_order) VALUES ('trousers-003', 'work', 0);
INSERT INTO product_occasions (product_id, occasion, sort_order) VALUES ('trousers-003', 'formal', 1);

-- trousers-004: Pebble Grey Suit Trouser
INSERT INTO products (id, name, category_id, price, color_name, color_hex, description, status, created_by, updated_by) VALUES ('trousers-004', 'Pebble Grey Suit Trouser', (SELECT id FROM categories WHERE slug = 'trousers'), 200000, 'Pebble Grey', '#9c9b97', 'Light pebble grey trousers, modern slim cut — work back with white, blue or pink shirts.', 'published', 'seed', 'seed');
INSERT INTO product_images (product_id, url, sort_order) VALUES ('trousers-004', 'assets/images/trousers/trousers-004.png', 0);
INSERT INTO product_sizes (product_id, size, sort_order) VALUES ('trousers-004', '30', 0);
INSERT INTO product_sizes (product_id, size, sort_order) VALUES ('trousers-004', '32', 1);
INSERT INTO product_sizes (product_id, size, sort_order) VALUES ('trousers-004', '34', 2);
INSERT INTO product_sizes (product_id, size, sort_order) VALUES ('trousers-004', '36', 3);
INSERT INTO product_sizes (product_id, size, sort_order) VALUES ('trousers-004', '38', 4);
INSERT INTO product_sizes (product_id, size, sort_order) VALUES ('trousers-004', '40', 5);
INSERT INTO product_occasions (product_id, occasion, sort_order) VALUES ('trousers-004', 'work', 0);
INSERT INTO product_occasions (product_id, occasion, sort_order) VALUES ('trousers-004', 'smart-casual', 1);

-- trousers-005: Stone Cotton Trouser
INSERT INTO products (id, name, category_id, price, color_name, color_hex, description, status, created_by, updated_by) VALUES ('trousers-005', 'Stone Cotton Trouser', (SELECT id FROM categories WHERE slug = 'trousers'), 175000, 'Stone', '#cfbf9a', 'A warm stone-cotton trouser — softer than a suit pant, sharper than a chino.', 'published', 'seed', 'seed');
INSERT INTO product_images (product_id, url, sort_order) VALUES ('trousers-005', 'assets/images/trousers/trousers-005.png', 0);
INSERT INTO product_sizes (product_id, size, sort_order) VALUES ('trousers-005', '30', 0);
INSERT INTO product_sizes (product_id, size, sort_order) VALUES ('trousers-005', '32', 1);
INSERT INTO product_sizes (product_id, size, sort_order) VALUES ('trousers-005', '34', 2);
INSERT INTO product_sizes (product_id, size, sort_order) VALUES ('trousers-005', '36', 3);
INSERT INTO product_sizes (product_id, size, sort_order) VALUES ('trousers-005', '38', 4);
INSERT INTO product_sizes (product_id, size, sort_order) VALUES ('trousers-005', '40', 5);
INSERT INTO product_occasions (product_id, occasion, sort_order) VALUES ('trousers-005', 'smart-casual', 0);

-- trousers-006: Taupe Tailored Trouser
INSERT INTO products (id, name, category_id, price, color_name, color_hex, description, status, created_by, updated_by) VALUES ('trousers-006', 'Taupe Tailored Trouser', (SELECT id FROM categories WHERE slug = 'trousers'), 195000, 'Taupe', '#867968', 'Taupe is the secret weapon — wears like a neutral, looks more interesting than grey or beige.', 'published', 'seed', 'seed');
INSERT INTO product_images (product_id, url, sort_order) VALUES ('trousers-006', 'assets/images/trousers/trousers-006.png', 0);
INSERT INTO product_sizes (product_id, size, sort_order) VALUES ('trousers-006', '30', 0);
INSERT INTO product_sizes (product_id, size, sort_order) VALUES ('trousers-006', '32', 1);
INSERT INTO product_sizes (product_id, size, sort_order) VALUES ('trousers-006', '34', 2);
INSERT INTO product_sizes (product_id, size, sort_order) VALUES ('trousers-006', '36', 3);
INSERT INTO product_sizes (product_id, size, sort_order) VALUES ('trousers-006', '38', 4);
INSERT INTO product_sizes (product_id, size, sort_order) VALUES ('trousers-006', '40', 5);
INSERT INTO product_occasions (product_id, occasion, sort_order) VALUES ('trousers-006', 'work', 0);
INSERT INTO product_occasions (product_id, occasion, sort_order) VALUES ('trousers-006', 'smart-casual', 1);

-- trousers-007: Black Tailored Dress Trouser
INSERT INTO products (id, name, category_id, price, color_name, color_hex, description, status, created_by, updated_by) VALUES ('trousers-007', 'Black Tailored Dress Trouser', (SELECT id FROM categories WHERE slug = 'trousers'), 205000, 'Black', '#0e0e10', 'Sharp black wool-blend trousers — for tuxedo wear, evening events, and serious meetings.', 'published', 'seed', 'seed');
INSERT INTO product_images (product_id, url, sort_order) VALUES ('trousers-007', 'assets/images/trousers/trousers-007.png', 0);
INSERT INTO product_sizes (product_id, size, sort_order) VALUES ('trousers-007', '30', 0);
INSERT INTO product_sizes (product_id, size, sort_order) VALUES ('trousers-007', '32', 1);
INSERT INTO product_sizes (product_id, size, sort_order) VALUES ('trousers-007', '34', 2);
INSERT INTO product_sizes (product_id, size, sort_order) VALUES ('trousers-007', '36', 3);
INSERT INTO product_sizes (product_id, size, sort_order) VALUES ('trousers-007', '38', 4);
INSERT INTO product_sizes (product_id, size, sort_order) VALUES ('trousers-007', '40', 5);
INSERT INTO product_occasions (product_id, occasion, sort_order) VALUES ('trousers-007', 'formal', 0);
INSERT INTO product_occasions (product_id, occasion, sort_order) VALUES ('trousers-007', 'event', 1);

-- trousers-008: Olive Tailored Trouser
INSERT INTO products (id, name, category_id, price, color_name, color_hex, description, status, created_by, updated_by) VALUES ('trousers-008', 'Olive Tailored Trouser', (SELECT id FROM categories WHERE slug = 'trousers'), 185000, 'Olive', '#5a6034', 'A grown-up olive trouser — confident with white, navy, or burgundy on top.', 'published', 'seed', 'seed');
INSERT INTO product_images (product_id, url, sort_order) VALUES ('trousers-008', 'assets/images/trousers/trousers-008.png', 0);
INSERT INTO product_sizes (product_id, size, sort_order) VALUES ('trousers-008', '30', 0);
INSERT INTO product_sizes (product_id, size, sort_order) VALUES ('trousers-008', '32', 1);
INSERT INTO product_sizes (product_id, size, sort_order) VALUES ('trousers-008', '34', 2);
INSERT INTO product_sizes (product_id, size, sort_order) VALUES ('trousers-008', '36', 3);
INSERT INTO product_sizes (product_id, size, sort_order) VALUES ('trousers-008', '38', 4);
INSERT INTO product_sizes (product_id, size, sort_order) VALUES ('trousers-008', '40', 5);
INSERT INTO product_occasions (product_id, occasion, sort_order) VALUES ('trousers-008', 'smart-casual', 0);

-- trousers-009: Ivory Linen-Blend Trouser
INSERT INTO products (id, name, category_id, price, color_name, color_hex, description, status, created_by, updated_by) VALUES ('trousers-009', 'Ivory Linen-Blend Trouser', (SELECT id FROM categories WHERE slug = 'trousers'), 195000, 'Ivory', '#ece1cb', 'Cool ivory linen blend — built for warmer events, weddings, and white-tablecloth occasions.', 'published', 'seed', 'seed');
INSERT INTO product_images (product_id, url, sort_order) VALUES ('trousers-009', 'assets/images/trousers/trousers-009.png', 0);
INSERT INTO product_sizes (product_id, size, sort_order) VALUES ('trousers-009', '30', 0);
INSERT INTO product_sizes (product_id, size, sort_order) VALUES ('trousers-009', '32', 1);
INSERT INTO product_sizes (product_id, size, sort_order) VALUES ('trousers-009', '34', 2);
INSERT INTO product_sizes (product_id, size, sort_order) VALUES ('trousers-009', '36', 3);
INSERT INTO product_sizes (product_id, size, sort_order) VALUES ('trousers-009', '38', 4);
INSERT INTO product_sizes (product_id, size, sort_order) VALUES ('trousers-009', '40', 5);
INSERT INTO product_occasions (product_id, occasion, sort_order) VALUES ('trousers-009', 'event', 0);
INSERT INTO product_occasions (product_id, occasion, sort_order) VALUES ('trousers-009', 'smart-casual', 1);

-- trousers-010: Pleated Grey Trouser
INSERT INTO products (id, name, category_id, price, color_name, color_hex, description, status, created_by, updated_by) VALUES ('trousers-010', 'Pleated Grey Trouser', (SELECT id FROM categories WHERE slug = 'trousers'), 220000, 'Mid Grey', '#7d7c79', 'A single-pleat grey trouser cut a touch fuller through the leg — old-school sharp.', 'published', 'seed', 'seed');
INSERT INTO product_images (product_id, url, sort_order) VALUES ('trousers-010', 'assets/images/trousers/trousers-010.png', 0);
INSERT INTO product_sizes (product_id, size, sort_order) VALUES ('trousers-010', '30', 0);
INSERT INTO product_sizes (product_id, size, sort_order) VALUES ('trousers-010', '32', 1);
INSERT INTO product_sizes (product_id, size, sort_order) VALUES ('trousers-010', '34', 2);
INSERT INTO product_sizes (product_id, size, sort_order) VALUES ('trousers-010', '36', 3);
INSERT INTO product_sizes (product_id, size, sort_order) VALUES ('trousers-010', '38', 4);
INSERT INTO product_sizes (product_id, size, sort_order) VALUES ('trousers-010', '40', 5);
INSERT INTO product_occasions (product_id, occasion, sort_order) VALUES ('trousers-010', 'work', 0);
INSERT INTO product_occasions (product_id, occasion, sort_order) VALUES ('trousers-010', 'smart-casual', 1);

-- trousers-011: Tobacco Windowpane Trouser
INSERT INTO products (id, name, category_id, price, color_name, color_hex, description, status, created_by, updated_by) VALUES ('trousers-011', 'Tobacco Windowpane Trouser', (SELECT id FROM categories WHERE slug = 'trousers'), 215000, 'Tobacco', '#5a4634', 'A rich tobacco brown with a faint windowpane — an interesting alternative to the grey/navy default.', 'published', 'seed', 'seed');
INSERT INTO product_images (product_id, url, sort_order) VALUES ('trousers-011', 'assets/images/trousers/trousers-011.png', 0);
INSERT INTO product_sizes (product_id, size, sort_order) VALUES ('trousers-011', '30', 0);
INSERT INTO product_sizes (product_id, size, sort_order) VALUES ('trousers-011', '32', 1);
INSERT INTO product_sizes (product_id, size, sort_order) VALUES ('trousers-011', '34', 2);
INSERT INTO product_sizes (product_id, size, sort_order) VALUES ('trousers-011', '36', 3);
INSERT INTO product_sizes (product_id, size, sort_order) VALUES ('trousers-011', '38', 4);
INSERT INTO product_sizes (product_id, size, sort_order) VALUES ('trousers-011', '40', 5);
INSERT INTO product_occasions (product_id, occasion, sort_order) VALUES ('trousers-011', 'smart-casual', 0);
INSERT INTO product_occasions (product_id, occasion, sort_order) VALUES ('trousers-011', 'event', 1);

-- khakis-001: Classic Khaki Chino
INSERT INTO products (id, name, category_id, price, color_name, color_hex, description, status, created_by, updated_by) VALUES ('khakis-001', 'Classic Khaki Chino', (SELECT id FROM categories WHERE slug = 'khakis'), 165000, 'Khaki', '#bba275', 'The chino every man owns one of — but in better cotton, with a cleaner taper. Khaki tan.', 'published', 'seed', 'seed');
INSERT INTO product_images (product_id, url, sort_order) VALUES ('khakis-001', 'assets/images/khakis/khakis-001.png', 0);
INSERT INTO product_sizes (product_id, size, sort_order) VALUES ('khakis-001', '30', 0);
INSERT INTO product_sizes (product_id, size, sort_order) VALUES ('khakis-001', '32', 1);
INSERT INTO product_sizes (product_id, size, sort_order) VALUES ('khakis-001', '34', 2);
INSERT INTO product_sizes (product_id, size, sort_order) VALUES ('khakis-001', '36', 3);
INSERT INTO product_sizes (product_id, size, sort_order) VALUES ('khakis-001', '38', 4);
INSERT INTO product_sizes (product_id, size, sort_order) VALUES ('khakis-001', '40', 5);
INSERT INTO product_occasions (product_id, occasion, sort_order) VALUES ('khakis-001', 'weekend', 0);
INSERT INTO product_occasions (product_id, occasion, sort_order) VALUES ('khakis-001', 'smart-casual', 1);
INSERT INTO product_badges (product_id, badge, sort_order) VALUES ('khakis-001', 'bestseller', 0);

-- khakis-002: Soft Tan Slim Chino
INSERT INTO products (id, name, category_id, price, color_name, color_hex, description, status, created_by, updated_by) VALUES ('khakis-002', 'Soft Tan Slim Chino', (SELECT id FROM categories WHERE slug = 'khakis'), 165000, 'Soft Tan', '#c8ad84', 'Soft tan washed cotton, slim through the leg — looks great with white sneakers or loafers.', 'published', 'seed', 'seed');
INSERT INTO product_images (product_id, url, sort_order) VALUES ('khakis-002', 'assets/images/khakis/khakis-002.png', 0);
INSERT INTO product_sizes (product_id, size, sort_order) VALUES ('khakis-002', '30', 0);
INSERT INTO product_sizes (product_id, size, sort_order) VALUES ('khakis-002', '32', 1);
INSERT INTO product_sizes (product_id, size, sort_order) VALUES ('khakis-002', '34', 2);
INSERT INTO product_sizes (product_id, size, sort_order) VALUES ('khakis-002', '36', 3);
INSERT INTO product_sizes (product_id, size, sort_order) VALUES ('khakis-002', '38', 4);
INSERT INTO product_sizes (product_id, size, sort_order) VALUES ('khakis-002', '40', 5);
INSERT INTO product_occasions (product_id, occasion, sort_order) VALUES ('khakis-002', 'weekend', 0);
INSERT INTO product_occasions (product_id, occasion, sort_order) VALUES ('khakis-002', 'smart-casual', 1);

-- khakis-003: Sand Stone Chino
INSERT INTO products (id, name, category_id, price, color_name, color_hex, description, status, created_by, updated_by) VALUES ('khakis-003', 'Sand Stone Chino', (SELECT id FROM categories WHERE slug = 'khakis'), 160000, 'Stone', '#d8caac', 'A lighter stone-coloured chino — works as the bottom half of almost any summer outfit.', 'published', 'seed', 'seed');
INSERT INTO product_images (product_id, url, sort_order) VALUES ('khakis-003', 'assets/images/khakis/khakis-003.png', 0);
INSERT INTO product_sizes (product_id, size, sort_order) VALUES ('khakis-003', '30', 0);
INSERT INTO product_sizes (product_id, size, sort_order) VALUES ('khakis-003', '32', 1);
INSERT INTO product_sizes (product_id, size, sort_order) VALUES ('khakis-003', '34', 2);
INSERT INTO product_sizes (product_id, size, sort_order) VALUES ('khakis-003', '36', 3);
INSERT INTO product_sizes (product_id, size, sort_order) VALUES ('khakis-003', '38', 4);
INSERT INTO product_sizes (product_id, size, sort_order) VALUES ('khakis-003', '40', 5);
INSERT INTO product_occasions (product_id, occasion, sort_order) VALUES ('khakis-003', 'weekend', 0);
INSERT INTO product_occasions (product_id, occasion, sort_order) VALUES ('khakis-003', 'smart-casual', 1);

-- khakis-004: Ivory Tapered Chino
INSERT INTO products (id, name, category_id, price, color_name, color_hex, description, status, created_by, updated_by) VALUES ('khakis-004', 'Ivory Tapered Chino', (SELECT id FROM categories WHERE slug = 'khakis'), 165000, 'Ivory', '#e8dec7', 'A cream-leaning chino — quietly stylish, hard to wear poorly.', 'published', 'seed', 'seed');
INSERT INTO product_images (product_id, url, sort_order) VALUES ('khakis-004', 'assets/images/khakis/khakis-004.png', 0);
INSERT INTO product_sizes (product_id, size, sort_order) VALUES ('khakis-004', '30', 0);
INSERT INTO product_sizes (product_id, size, sort_order) VALUES ('khakis-004', '32', 1);
INSERT INTO product_sizes (product_id, size, sort_order) VALUES ('khakis-004', '34', 2);
INSERT INTO product_sizes (product_id, size, sort_order) VALUES ('khakis-004', '36', 3);
INSERT INTO product_sizes (product_id, size, sort_order) VALUES ('khakis-004', '38', 4);
INSERT INTO product_sizes (product_id, size, sort_order) VALUES ('khakis-004', '40', 5);
INSERT INTO product_occasions (product_id, occasion, sort_order) VALUES ('khakis-004', 'weekend', 0);
INSERT INTO product_occasions (product_id, occasion, sort_order) VALUES ('khakis-004', 'smart-casual', 1);

-- khakis-005: Wheat Tapered Chino
INSERT INTO products (id, name, category_id, price, color_name, color_hex, description, status, created_by, updated_by) VALUES ('khakis-005', 'Wheat Tapered Chino', (SELECT id FROM categories WHERE slug = 'khakis'), 165000, 'Wheat', '#c2a677', 'A warm wheat-toned chino — slightly darker than the classic khaki, just as versatile.', 'published', 'seed', 'seed');
INSERT INTO product_images (product_id, url, sort_order) VALUES ('khakis-005', 'assets/images/khakis/khakis-005.png', 0);
INSERT INTO product_sizes (product_id, size, sort_order) VALUES ('khakis-005', '30', 0);
INSERT INTO product_sizes (product_id, size, sort_order) VALUES ('khakis-005', '32', 1);
INSERT INTO product_sizes (product_id, size, sort_order) VALUES ('khakis-005', '34', 2);
INSERT INTO product_sizes (product_id, size, sort_order) VALUES ('khakis-005', '36', 3);
INSERT INTO product_sizes (product_id, size, sort_order) VALUES ('khakis-005', '38', 4);
INSERT INTO product_sizes (product_id, size, sort_order) VALUES ('khakis-005', '40', 5);
INSERT INTO product_occasions (product_id, occasion, sort_order) VALUES ('khakis-005', 'weekend', 0);
INSERT INTO product_occasions (product_id, occasion, sort_order) VALUES ('khakis-005', 'smart-casual', 1);

-- khakis-006: Olive Cotton Chino
INSERT INTO products (id, name, category_id, price, color_name, color_hex, description, status, created_by, updated_by) VALUES ('khakis-006', 'Olive Cotton Chino', (SELECT id FROM categories WHERE slug = 'khakis'), 165000, 'Olive', '#5d6537', 'Olive is the chino colour every wardrobe is missing — works with navy, grey, white, or black on top.', 'published', 'seed', 'seed');
INSERT INTO product_images (product_id, url, sort_order) VALUES ('khakis-006', 'assets/images/khakis/khakis-006.png', 0);
INSERT INTO product_sizes (product_id, size, sort_order) VALUES ('khakis-006', '30', 0);
INSERT INTO product_sizes (product_id, size, sort_order) VALUES ('khakis-006', '32', 1);
INSERT INTO product_sizes (product_id, size, sort_order) VALUES ('khakis-006', '34', 2);
INSERT INTO product_sizes (product_id, size, sort_order) VALUES ('khakis-006', '36', 3);
INSERT INTO product_sizes (product_id, size, sort_order) VALUES ('khakis-006', '38', 4);
INSERT INTO product_sizes (product_id, size, sort_order) VALUES ('khakis-006', '40', 5);
INSERT INTO product_occasions (product_id, occasion, sort_order) VALUES ('khakis-006', 'weekend', 0);
INSERT INTO product_occasions (product_id, occasion, sort_order) VALUES ('khakis-006', 'casual', 1);

-- khakis-007: Midnight Navy Chino
INSERT INTO products (id, name, category_id, price, color_name, color_hex, description, status, created_by, updated_by) VALUES ('khakis-007', 'Midnight Navy Chino', (SELECT id FROM categories WHERE slug = 'khakis'), 165000, 'Navy', '#1d2740', 'A deep navy chino — dressier than a jean, easier than a suit pant.', 'published', 'seed', 'seed');
INSERT INTO product_images (product_id, url, sort_order) VALUES ('khakis-007', 'assets/images/khakis/khakis-007.png', 0);
INSERT INTO product_sizes (product_id, size, sort_order) VALUES ('khakis-007', '30', 0);
INSERT INTO product_sizes (product_id, size, sort_order) VALUES ('khakis-007', '32', 1);
INSERT INTO product_sizes (product_id, size, sort_order) VALUES ('khakis-007', '34', 2);
INSERT INTO product_sizes (product_id, size, sort_order) VALUES ('khakis-007', '36', 3);
INSERT INTO product_sizes (product_id, size, sort_order) VALUES ('khakis-007', '38', 4);
INSERT INTO product_sizes (product_id, size, sort_order) VALUES ('khakis-007', '40', 5);
INSERT INTO product_occasions (product_id, occasion, sort_order) VALUES ('khakis-007', 'weekend', 0);
INSERT INTO product_occasions (product_id, occasion, sort_order) VALUES ('khakis-007', 'smart-casual', 1);

-- khakis-008: Charcoal Stretch Chino
INSERT INTO products (id, name, category_id, price, color_name, color_hex, description, status, created_by, updated_by) VALUES ('khakis-008', 'Charcoal Stretch Chino', (SELECT id FROM categories WHERE slug = 'khakis'), 165000, 'Charcoal', '#43464a', 'Charcoal cotton with a touch of stretch — pulls double duty for office and weekend.', 'published', 'seed', 'seed');
INSERT INTO product_images (product_id, url, sort_order) VALUES ('khakis-008', 'assets/images/khakis/khakis-008.png', 0);
INSERT INTO product_sizes (product_id, size, sort_order) VALUES ('khakis-008', '30', 0);
INSERT INTO product_sizes (product_id, size, sort_order) VALUES ('khakis-008', '32', 1);
INSERT INTO product_sizes (product_id, size, sort_order) VALUES ('khakis-008', '34', 2);
INSERT INTO product_sizes (product_id, size, sort_order) VALUES ('khakis-008', '36', 3);
INSERT INTO product_sizes (product_id, size, sort_order) VALUES ('khakis-008', '38', 4);
INSERT INTO product_sizes (product_id, size, sort_order) VALUES ('khakis-008', '40', 5);
INSERT INTO product_occasions (product_id, occasion, sort_order) VALUES ('khakis-008', 'weekend', 0);
INSERT INTO product_occasions (product_id, occasion, sort_order) VALUES ('khakis-008', 'smart-casual', 1);

-- khakis-009: Walnut Brown Chino
INSERT INTO products (id, name, category_id, price, color_name, color_hex, description, status, created_by, updated_by) VALUES ('khakis-009', 'Walnut Brown Chino', (SELECT id FROM categories WHERE slug = 'khakis'), 165000, 'Walnut', '#7a6952', 'A washed walnut-brown chino — pairs beautifully with white shirts and brown shoes.', 'published', 'seed', 'seed');
INSERT INTO product_images (product_id, url, sort_order) VALUES ('khakis-009', 'assets/images/khakis/khakis-009.png', 0);
INSERT INTO product_sizes (product_id, size, sort_order) VALUES ('khakis-009', '30', 0);
INSERT INTO product_sizes (product_id, size, sort_order) VALUES ('khakis-009', '32', 1);
INSERT INTO product_sizes (product_id, size, sort_order) VALUES ('khakis-009', '34', 2);
INSERT INTO product_sizes (product_id, size, sort_order) VALUES ('khakis-009', '36', 3);
INSERT INTO product_sizes (product_id, size, sort_order) VALUES ('khakis-009', '38', 4);
INSERT INTO product_sizes (product_id, size, sort_order) VALUES ('khakis-009', '40', 5);
INSERT INTO product_occasions (product_id, occasion, sort_order) VALUES ('khakis-009', 'weekend', 0);
INSERT INTO product_occasions (product_id, occasion, sort_order) VALUES ('khakis-009', 'smart-casual', 1);

-- khakis-010: Pebble Grey Chino
INSERT INTO products (id, name, category_id, price, color_name, color_hex, description, status, created_by, updated_by) VALUES ('khakis-010', 'Pebble Grey Chino', (SELECT id FROM categories WHERE slug = 'khakis'), 160000, 'Pebble', '#aaa69e', 'Light pebble grey — a softer alternative to khaki tan, especially good for warm climates.', 'published', 'seed', 'seed');
INSERT INTO product_images (product_id, url, sort_order) VALUES ('khakis-010', 'assets/images/khakis/khakis-010.png', 0);
INSERT INTO product_sizes (product_id, size, sort_order) VALUES ('khakis-010', '30', 0);
INSERT INTO product_sizes (product_id, size, sort_order) VALUES ('khakis-010', '32', 1);
INSERT INTO product_sizes (product_id, size, sort_order) VALUES ('khakis-010', '34', 2);
INSERT INTO product_sizes (product_id, size, sort_order) VALUES ('khakis-010', '36', 3);
INSERT INTO product_sizes (product_id, size, sort_order) VALUES ('khakis-010', '38', 4);
INSERT INTO product_sizes (product_id, size, sort_order) VALUES ('khakis-010', '40', 5);
INSERT INTO product_occasions (product_id, occasion, sort_order) VALUES ('khakis-010', 'weekend', 0);
INSERT INTO product_occasions (product_id, occasion, sort_order) VALUES ('khakis-010', 'smart-casual', 1);

-- khakis-011: Cinnamon Rust Chino
INSERT INTO products (id, name, category_id, price, color_name, color_hex, description, status, created_by, updated_by) VALUES ('khakis-011', 'Cinnamon Rust Chino', (SELECT id FROM categories WHERE slug = 'khakis'), 175000, 'Cinnamon', '#a4502a', 'A bold cinnamon rust — for the man who already owns the basics and wants something that stands out tastefully.', 'published', 'seed', 'seed');
INSERT INTO product_images (product_id, url, sort_order) VALUES ('khakis-011', 'assets/images/khakis/khakis-011.png', 0);
INSERT INTO product_sizes (product_id, size, sort_order) VALUES ('khakis-011', '30', 0);
INSERT INTO product_sizes (product_id, size, sort_order) VALUES ('khakis-011', '32', 1);
INSERT INTO product_sizes (product_id, size, sort_order) VALUES ('khakis-011', '34', 2);
INSERT INTO product_sizes (product_id, size, sort_order) VALUES ('khakis-011', '36', 3);
INSERT INTO product_sizes (product_id, size, sort_order) VALUES ('khakis-011', '38', 4);
INSERT INTO product_sizes (product_id, size, sort_order) VALUES ('khakis-011', '40', 5);
INSERT INTO product_occasions (product_id, occasion, sort_order) VALUES ('khakis-011', 'weekend', 0);
INSERT INTO product_occasions (product_id, occasion, sort_order) VALUES ('khakis-011', 'smart-casual', 1);

-- jeans-001: Vintage Wash Slim Jean
INSERT INTO products (id, name, category_id, price, color_name, color_hex, description, status, created_by, updated_by) VALUES ('jeans-001', 'Vintage Wash Slim Jean', (SELECT id FROM categories WHERE slug = 'jeans'), 170000, 'Vintage Blue', '#3e597a', 'Mid-blue vintage wash with subtle whiskering — slim through the leg with a clean hem.', 'published', 'seed', 'seed');
INSERT INTO product_images (product_id, url, sort_order) VALUES ('jeans-001', 'assets/images/jeans/jeans-001.png', 0);
INSERT INTO product_sizes (product_id, size, sort_order) VALUES ('jeans-001', '30', 0);
INSERT INTO product_sizes (product_id, size, sort_order) VALUES ('jeans-001', '32', 1);
INSERT INTO product_sizes (product_id, size, sort_order) VALUES ('jeans-001', '34', 2);
INSERT INTO product_sizes (product_id, size, sort_order) VALUES ('jeans-001', '36', 3);
INSERT INTO product_sizes (product_id, size, sort_order) VALUES ('jeans-001', '38', 4);
INSERT INTO product_sizes (product_id, size, sort_order) VALUES ('jeans-001', '40', 5);
INSERT INTO product_occasions (product_id, occasion, sort_order) VALUES ('jeans-001', 'weekend', 0);
INSERT INTO product_occasions (product_id, occasion, sort_order) VALUES ('jeans-001', 'casual', 1);
INSERT INTO product_badges (product_id, badge, sort_order) VALUES ('jeans-001', 'bestseller', 0);

-- jeans-002: Indigo Slim Jean
INSERT INTO products (id, name, category_id, price, color_name, color_hex, description, status, created_by, updated_by) VALUES ('jeans-002', 'Indigo Slim Jean', (SELECT id FROM categories WHERE slug = 'jeans'), 175000, 'Indigo', '#23304d', 'Dark indigo, slim cut — dressy enough to wear with a blazer, casual enough for the bar.', 'published', 'seed', 'seed');
INSERT INTO product_images (product_id, url, sort_order) VALUES ('jeans-002', 'assets/images/jeans/jeans-002.png', 0);
INSERT INTO product_sizes (product_id, size, sort_order) VALUES ('jeans-002', '30', 0);
INSERT INTO product_sizes (product_id, size, sort_order) VALUES ('jeans-002', '32', 1);
INSERT INTO product_sizes (product_id, size, sort_order) VALUES ('jeans-002', '34', 2);
INSERT INTO product_sizes (product_id, size, sort_order) VALUES ('jeans-002', '36', 3);
INSERT INTO product_sizes (product_id, size, sort_order) VALUES ('jeans-002', '38', 4);
INSERT INTO product_sizes (product_id, size, sort_order) VALUES ('jeans-002', '40', 5);
INSERT INTO product_occasions (product_id, occasion, sort_order) VALUES ('jeans-002', 'weekend', 0);
INSERT INTO product_occasions (product_id, occasion, sort_order) VALUES ('jeans-002', 'smart-casual', 1);

-- jeans-003: Pale Wash Straight Jean
INSERT INTO products (id, name, category_id, price, color_name, color_hex, description, status, created_by, updated_by) VALUES ('jeans-003', 'Pale Wash Straight Jean', (SELECT id FROM categories WHERE slug = 'jeans'), 165000, 'Pale Blue', '#9bb6cf', 'A pale, sun-faded blue jean with a relaxed straight leg — perfect for warm-weather casual.', 'published', 'seed', 'seed');
INSERT INTO product_images (product_id, url, sort_order) VALUES ('jeans-003', 'assets/images/jeans/jeans-003.png', 0);
INSERT INTO product_sizes (product_id, size, sort_order) VALUES ('jeans-003', '30', 0);
INSERT INTO product_sizes (product_id, size, sort_order) VALUES ('jeans-003', '32', 1);
INSERT INTO product_sizes (product_id, size, sort_order) VALUES ('jeans-003', '34', 2);
INSERT INTO product_sizes (product_id, size, sort_order) VALUES ('jeans-003', '36', 3);
INSERT INTO product_sizes (product_id, size, sort_order) VALUES ('jeans-003', '38', 4);
INSERT INTO product_sizes (product_id, size, sort_order) VALUES ('jeans-003', '40', 5);
INSERT INTO product_occasions (product_id, occasion, sort_order) VALUES ('jeans-003', 'weekend', 0);
INSERT INTO product_occasions (product_id, occasion, sort_order) VALUES ('jeans-003', 'casual', 1);

-- jeans-004: Jet Black Slim Jean
INSERT INTO products (id, name, category_id, price, color_name, color_hex, description, status, created_by, updated_by) VALUES ('jeans-004', 'Jet Black Slim Jean', (SELECT id FROM categories WHERE slug = 'jeans'), 175000, 'Black', '#1a1a1c', 'A clean black jean with no fading — versatile from morning to evening.', 'published', 'seed', 'seed');
INSERT INTO product_images (product_id, url, sort_order) VALUES ('jeans-004', 'assets/images/jeans/jeans-004.png', 0);
INSERT INTO product_sizes (product_id, size, sort_order) VALUES ('jeans-004', '30', 0);
INSERT INTO product_sizes (product_id, size, sort_order) VALUES ('jeans-004', '32', 1);
INSERT INTO product_sizes (product_id, size, sort_order) VALUES ('jeans-004', '34', 2);
INSERT INTO product_sizes (product_id, size, sort_order) VALUES ('jeans-004', '36', 3);
INSERT INTO product_sizes (product_id, size, sort_order) VALUES ('jeans-004', '38', 4);
INSERT INTO product_sizes (product_id, size, sort_order) VALUES ('jeans-004', '40', 5);
INSERT INTO product_occasions (product_id, occasion, sort_order) VALUES ('jeans-004', 'weekend', 0);
INSERT INTO product_occasions (product_id, occasion, sort_order) VALUES ('jeans-004', 'smart-casual', 1);

-- jeans-005: Smoke Grey Slim Jean
INSERT INTO products (id, name, category_id, price, color_name, color_hex, description, status, created_by, updated_by) VALUES ('jeans-005', 'Smoke Grey Slim Jean', (SELECT id FROM categories WHERE slug = 'jeans'), 170000, 'Smoke Grey', '#5b5d5e', 'A soft smoke-grey wash, slim cut — slightly dressier than a blue jean.', 'published', 'seed', 'seed');
INSERT INTO product_images (product_id, url, sort_order) VALUES ('jeans-005', 'assets/images/jeans/jeans-005.png', 0);
INSERT INTO product_sizes (product_id, size, sort_order) VALUES ('jeans-005', '30', 0);
INSERT INTO product_sizes (product_id, size, sort_order) VALUES ('jeans-005', '32', 1);
INSERT INTO product_sizes (product_id, size, sort_order) VALUES ('jeans-005', '34', 2);
INSERT INTO product_sizes (product_id, size, sort_order) VALUES ('jeans-005', '36', 3);
INSERT INTO product_sizes (product_id, size, sort_order) VALUES ('jeans-005', '38', 4);
INSERT INTO product_sizes (product_id, size, sort_order) VALUES ('jeans-005', '40', 5);
INSERT INTO product_occasions (product_id, occasion, sort_order) VALUES ('jeans-005', 'weekend', 0);
INSERT INTO product_occasions (product_id, occasion, sort_order) VALUES ('jeans-005', 'smart-casual', 1);

-- jeans-006: Mid Wash Straight Jean
INSERT INTO products (id, name, category_id, price, color_name, color_hex, description, status, created_by, updated_by) VALUES ('jeans-006', 'Mid Wash Straight Jean', (SELECT id FROM categories WHERE slug = 'jeans'), 165000, 'Mid Blue', '#5b7aa1', 'A classic mid-blue jean with a straight leg — wears in beautifully over time.', 'published', 'seed', 'seed');
INSERT INTO product_images (product_id, url, sort_order) VALUES ('jeans-006', 'assets/images/jeans/jeans-006.png', 0);
INSERT INTO product_sizes (product_id, size, sort_order) VALUES ('jeans-006', '30', 0);
INSERT INTO product_sizes (product_id, size, sort_order) VALUES ('jeans-006', '32', 1);
INSERT INTO product_sizes (product_id, size, sort_order) VALUES ('jeans-006', '34', 2);
INSERT INTO product_sizes (product_id, size, sort_order) VALUES ('jeans-006', '36', 3);
INSERT INTO product_sizes (product_id, size, sort_order) VALUES ('jeans-006', '38', 4);
INSERT INTO product_sizes (product_id, size, sort_order) VALUES ('jeans-006', '40', 5);
INSERT INTO product_occasions (product_id, occasion, sort_order) VALUES ('jeans-006', 'weekend', 0);
INSERT INTO product_occasions (product_id, occasion, sort_order) VALUES ('jeans-006', 'casual', 1);

-- jeans-007: Deep Indigo Slim Jean
INSERT INTO products (id, name, category_id, price, color_name, color_hex, description, status, created_by, updated_by) VALUES ('jeans-007', 'Deep Indigo Slim Jean', (SELECT id FROM categories WHERE slug = 'jeans'), 180000, 'Deep Indigo', '#2a3a55', 'A rich, dark indigo with subtle fading — slim leg, modern hem, dresses up easily.', 'published', 'seed', 'seed');
INSERT INTO product_images (product_id, url, sort_order) VALUES ('jeans-007', 'assets/images/jeans/jeans-007.png', 0);
INSERT INTO product_sizes (product_id, size, sort_order) VALUES ('jeans-007', '30', 0);
INSERT INTO product_sizes (product_id, size, sort_order) VALUES ('jeans-007', '32', 1);
INSERT INTO product_sizes (product_id, size, sort_order) VALUES ('jeans-007', '34', 2);
INSERT INTO product_sizes (product_id, size, sort_order) VALUES ('jeans-007', '36', 3);
INSERT INTO product_sizes (product_id, size, sort_order) VALUES ('jeans-007', '38', 4);
INSERT INTO product_sizes (product_id, size, sort_order) VALUES ('jeans-007', '40', 5);
INSERT INTO product_occasions (product_id, occasion, sort_order) VALUES ('jeans-007', 'weekend', 0);
INSERT INTO product_occasions (product_id, occasion, sort_order) VALUES ('jeans-007', 'smart-casual', 1);

-- jeans-008: Light Wash Relaxed Jean
INSERT INTO products (id, name, category_id, price, color_name, color_hex, description, status, created_by, updated_by) VALUES ('jeans-008', 'Light Wash Relaxed Jean', (SELECT id FROM categories WHERE slug = 'jeans'), 170000, 'Light Blue', '#85a0bf', 'Vintage-inspired light wash, cut a touch wider through the leg — easy weekend energy.', 'published', 'seed', 'seed');
INSERT INTO product_images (product_id, url, sort_order) VALUES ('jeans-008', 'assets/images/jeans/jeans-008.png', 0);
INSERT INTO product_sizes (product_id, size, sort_order) VALUES ('jeans-008', '30', 0);
INSERT INTO product_sizes (product_id, size, sort_order) VALUES ('jeans-008', '32', 1);
INSERT INTO product_sizes (product_id, size, sort_order) VALUES ('jeans-008', '34', 2);
INSERT INTO product_sizes (product_id, size, sort_order) VALUES ('jeans-008', '36', 3);
INSERT INTO product_sizes (product_id, size, sort_order) VALUES ('jeans-008', '38', 4);
INSERT INTO product_sizes (product_id, size, sort_order) VALUES ('jeans-008', '40', 5);
INSERT INTO product_occasions (product_id, occasion, sort_order) VALUES ('jeans-008', 'weekend', 0);
INSERT INTO product_occasions (product_id, occasion, sort_order) VALUES ('jeans-008', 'casual', 1);

-- jeans-009: Raw Indigo Straight Jean
INSERT INTO products (id, name, category_id, price, color_name, color_hex, description, status, created_by, updated_by) VALUES ('jeans-009', 'Raw Indigo Straight Jean', (SELECT id FROM categories WHERE slug = 'jeans'), 195000, 'Raw Indigo', '#1a2540', 'A heavy raw-indigo denim that fades beautifully — for men who want a jean that ages with them.', 'published', 'seed', 'seed');
INSERT INTO product_images (product_id, url, sort_order) VALUES ('jeans-009', 'assets/images/jeans/jeans-009.png', 0);
INSERT INTO product_sizes (product_id, size, sort_order) VALUES ('jeans-009', '30', 0);
INSERT INTO product_sizes (product_id, size, sort_order) VALUES ('jeans-009', '32', 1);
INSERT INTO product_sizes (product_id, size, sort_order) VALUES ('jeans-009', '34', 2);
INSERT INTO product_sizes (product_id, size, sort_order) VALUES ('jeans-009', '36', 3);
INSERT INTO product_sizes (product_id, size, sort_order) VALUES ('jeans-009', '38', 4);
INSERT INTO product_sizes (product_id, size, sort_order) VALUES ('jeans-009', '40', 5);
INSERT INTO product_occasions (product_id, occasion, sort_order) VALUES ('jeans-009', 'weekend', 0);
INSERT INTO product_occasions (product_id, occasion, sort_order) VALUES ('jeans-009', 'smart-casual', 1);

-- jeans-010: Off-White Slim Jean
INSERT INTO products (id, name, category_id, price, color_name, color_hex, description, status, created_by, updated_by) VALUES ('jeans-010', 'Off-White Slim Jean', (SELECT id FROM categories WHERE slug = 'jeans'), 175000, 'Off-White', '#ede8df', 'An off-white jean cut slim — pairs surprisingly well with both navy and burgundy on top.', 'published', 'seed', 'seed');
INSERT INTO product_images (product_id, url, sort_order) VALUES ('jeans-010', 'assets/images/jeans/jeans-010.png', 0);
INSERT INTO product_sizes (product_id, size, sort_order) VALUES ('jeans-010', '30', 0);
INSERT INTO product_sizes (product_id, size, sort_order) VALUES ('jeans-010', '32', 1);
INSERT INTO product_sizes (product_id, size, sort_order) VALUES ('jeans-010', '34', 2);
INSERT INTO product_sizes (product_id, size, sort_order) VALUES ('jeans-010', '36', 3);
INSERT INTO product_sizes (product_id, size, sort_order) VALUES ('jeans-010', '38', 4);
INSERT INTO product_sizes (product_id, size, sort_order) VALUES ('jeans-010', '40', 5);
INSERT INTO product_occasions (product_id, occasion, sort_order) VALUES ('jeans-010', 'weekend', 0);
INSERT INTO product_occasions (product_id, occasion, sort_order) VALUES ('jeans-010', 'smart-casual', 1);

-- jeans-011: Distressed Vintage Jean
INSERT INTO products (id, name, category_id, price, color_name, color_hex, description, status, created_by, updated_by) VALUES ('jeans-011', 'Distressed Vintage Jean', (SELECT id FROM categories WHERE slug = 'jeans'), 185000, 'Distressed', '#7a99b9', 'Vintage-inspired with carefully placed distressing — relaxed, lived-in, and full of character.', 'published', 'seed', 'seed');
INSERT INTO product_images (product_id, url, sort_order) VALUES ('jeans-011', 'assets/images/jeans/jeans-011.png', 0);
INSERT INTO product_sizes (product_id, size, sort_order) VALUES ('jeans-011', '30', 0);
INSERT INTO product_sizes (product_id, size, sort_order) VALUES ('jeans-011', '32', 1);
INSERT INTO product_sizes (product_id, size, sort_order) VALUES ('jeans-011', '34', 2);
INSERT INTO product_sizes (product_id, size, sort_order) VALUES ('jeans-011', '36', 3);
INSERT INTO product_sizes (product_id, size, sort_order) VALUES ('jeans-011', '38', 4);
INSERT INTO product_sizes (product_id, size, sort_order) VALUES ('jeans-011', '40', 5);
INSERT INTO product_occasions (product_id, occasion, sort_order) VALUES ('jeans-011', 'weekend', 0);
INSERT INTO product_occasions (product_id, occasion, sort_order) VALUES ('jeans-011', 'casual', 1);

-- sweaters-001: K-LINE Sage Knit Polo
INSERT INTO products (id, name, category_id, price, color_name, color_hex, description, status, created_by, updated_by) VALUES ('sweaters-001', 'K-LINE Sage Knit Polo', (SELECT id FROM categories WHERE slug = 'sweaters'), 215000, 'Sage', '#9eaf83', 'A short-sleeve ribbed knit polo in sage green — wears like a polo, looks like quiet luxury. K-LINE signature label inside the collar.', 'published', 'seed', 'seed');
INSERT INTO product_images (product_id, url, sort_order) VALUES ('sweaters-001', 'assets/images/sweaters/sweaters-001.png', 0);
INSERT INTO product_sizes (product_id, size, sort_order) VALUES ('sweaters-001', 'S', 0);
INSERT INTO product_sizes (product_id, size, sort_order) VALUES ('sweaters-001', 'M', 1);
INSERT INTO product_sizes (product_id, size, sort_order) VALUES ('sweaters-001', 'L', 2);
INSERT INTO product_sizes (product_id, size, sort_order) VALUES ('sweaters-001', 'XL', 3);
INSERT INTO product_sizes (product_id, size, sort_order) VALUES ('sweaters-001', 'XXL', 4);
INSERT INTO product_occasions (product_id, occasion, sort_order) VALUES ('sweaters-001', 'smart-casual', 0);
INSERT INTO product_badges (product_id, badge, sort_order) VALUES ('sweaters-001', 'signature', 0);
INSERT INTO product_badges (product_id, badge, sort_order) VALUES ('sweaters-001', 'new', 1);

-- sweaters-002: K-LINE Burgundy Crewneck
INSERT INTO products (id, name, category_id, price, color_name, color_hex, description, status, created_by, updated_by) VALUES ('sweaters-002', 'K-LINE Burgundy Crewneck', (SELECT id FROM categories WHERE slug = 'sweaters'), 220000, 'Burgundy', '#5a1f24', 'A soft, fine-gauge burgundy crewneck — layer over an oxford or wear alone with chinos.', 'published', 'seed', 'seed');
INSERT INTO product_images (product_id, url, sort_order) VALUES ('sweaters-002', 'assets/images/sweaters/sweaters-002.png', 0);
INSERT INTO product_sizes (product_id, size, sort_order) VALUES ('sweaters-002', 'S', 0);
INSERT INTO product_sizes (product_id, size, sort_order) VALUES ('sweaters-002', 'M', 1);
INSERT INTO product_sizes (product_id, size, sort_order) VALUES ('sweaters-002', 'L', 2);
INSERT INTO product_sizes (product_id, size, sort_order) VALUES ('sweaters-002', 'XL', 3);
INSERT INTO product_sizes (product_id, size, sort_order) VALUES ('sweaters-002', 'XXL', 4);
INSERT INTO product_occasions (product_id, occasion, sort_order) VALUES ('sweaters-002', 'smart-casual', 0);
INSERT INTO product_occasions (product_id, occasion, sort_order) VALUES ('sweaters-002', 'weekend', 1);
INSERT INTO product_badges (product_id, badge, sort_order) VALUES ('sweaters-002', 'signature', 0);

-- blazers-001: Navy Hopsack Blazer
INSERT INTO products (id, name, category_id, price, color_name, color_hex, description, status, created_by, updated_by) VALUES ('blazers-001', 'Navy Hopsack Blazer', (SELECT id FROM categories WHERE slug = 'blazers'), 480000, 'Navy', '#28385a', 'A textured navy hopsack blazer — single-breasted, two-button, cut clean through the chest.', 'published', 'seed', 'seed');
INSERT INTO product_images (product_id, url, sort_order) VALUES ('blazers-001', 'assets/images/blazers/blazers-001.png', 0);
INSERT INTO product_sizes (product_id, size, sort_order) VALUES ('blazers-001', 'S', 0);
INSERT INTO product_sizes (product_id, size, sort_order) VALUES ('blazers-001', 'M', 1);
INSERT INTO product_sizes (product_id, size, sort_order) VALUES ('blazers-001', 'L', 2);
INSERT INTO product_sizes (product_id, size, sort_order) VALUES ('blazers-001', 'XL', 3);
INSERT INTO product_sizes (product_id, size, sort_order) VALUES ('blazers-001', 'XXL', 4);
INSERT INTO product_occasions (product_id, occasion, sort_order) VALUES ('blazers-001', 'work', 0);
INSERT INTO product_occasions (product_id, occasion, sort_order) VALUES ('blazers-001', 'event', 1);
INSERT INTO product_badges (product_id, badge, sort_order) VALUES ('blazers-001', 'bestseller', 0);

-- blazers-002: Royal Navy Wool Blazer
INSERT INTO products (id, name, category_id, price, color_name, color_hex, description, status, created_by, updated_by) VALUES ('blazers-002', 'Royal Navy Wool Blazer', (SELECT id FROM categories WHERE slug = 'blazers'), 495000, 'Royal Navy', '#1f2c4d', 'Smooth royal-navy wool — slimmer cut, sharper notch lapels, dressier than the hopsack.', 'published', 'seed', 'seed');
INSERT INTO product_images (product_id, url, sort_order) VALUES ('blazers-002', 'assets/images/blazers/blazers-002.png', 0);
INSERT INTO product_sizes (product_id, size, sort_order) VALUES ('blazers-002', 'S', 0);
INSERT INTO product_sizes (product_id, size, sort_order) VALUES ('blazers-002', 'M', 1);
INSERT INTO product_sizes (product_id, size, sort_order) VALUES ('blazers-002', 'L', 2);
INSERT INTO product_sizes (product_id, size, sort_order) VALUES ('blazers-002', 'XL', 3);
INSERT INTO product_sizes (product_id, size, sort_order) VALUES ('blazers-002', 'XXL', 4);
INSERT INTO product_occasions (product_id, occasion, sort_order) VALUES ('blazers-002', 'work', 0);
INSERT INTO product_occasions (product_id, occasion, sort_order) VALUES ('blazers-002', 'event', 1);

-- blazers-003: Charcoal Wool Blazer
INSERT INTO products (id, name, category_id, price, color_name, color_hex, description, status, created_by, updated_by) VALUES ('blazers-003', 'Charcoal Wool Blazer', (SELECT id FROM categories WHERE slug = 'blazers'), 480000, 'Charcoal', '#383b3f', 'Charcoal wool — the most flexible blazer for working professionals.', 'published', 'seed', 'seed');
INSERT INTO product_images (product_id, url, sort_order) VALUES ('blazers-003', 'assets/images/blazers/blazers-003.png', 0);
INSERT INTO product_sizes (product_id, size, sort_order) VALUES ('blazers-003', 'S', 0);
INSERT INTO product_sizes (product_id, size, sort_order) VALUES ('blazers-003', 'M', 1);
INSERT INTO product_sizes (product_id, size, sort_order) VALUES ('blazers-003', 'L', 2);
INSERT INTO product_sizes (product_id, size, sort_order) VALUES ('blazers-003', 'XL', 3);
INSERT INTO product_sizes (product_id, size, sort_order) VALUES ('blazers-003', 'XXL', 4);
INSERT INTO product_occasions (product_id, occasion, sort_order) VALUES ('blazers-003', 'work', 0);
INSERT INTO product_occasions (product_id, occasion, sort_order) VALUES ('blazers-003', 'formal', 1);

-- blazers-004: Sand Linen Blazer
INSERT INTO products (id, name, category_id, price, color_name, color_hex, description, status, created_by, updated_by) VALUES ('blazers-004', 'Sand Linen Blazer', (SELECT id FROM categories WHERE slug = 'blazers'), 460000, 'Sand', '#cab991', 'Lightweight sand-coloured linen with patch pockets — built for warm-weather events.', 'published', 'seed', 'seed');
INSERT INTO product_images (product_id, url, sort_order) VALUES ('blazers-004', 'assets/images/blazers/blazers-004.png', 0);
INSERT INTO product_sizes (product_id, size, sort_order) VALUES ('blazers-004', 'S', 0);
INSERT INTO product_sizes (product_id, size, sort_order) VALUES ('blazers-004', 'M', 1);
INSERT INTO product_sizes (product_id, size, sort_order) VALUES ('blazers-004', 'L', 2);
INSERT INTO product_sizes (product_id, size, sort_order) VALUES ('blazers-004', 'XL', 3);
INSERT INTO product_sizes (product_id, size, sort_order) VALUES ('blazers-004', 'XXL', 4);
INSERT INTO product_occasions (product_id, occasion, sort_order) VALUES ('blazers-004', 'event', 0);
INSERT INTO product_occasions (product_id, occasion, sort_order) VALUES ('blazers-004', 'smart-casual', 1);

-- blazers-005: Mist Grey Blazer
INSERT INTO products (id, name, category_id, price, color_name, color_hex, description, status, created_by, updated_by) VALUES ('blazers-005', 'Mist Grey Blazer', (SELECT id FROM categories WHERE slug = 'blazers'), 475000, 'Mist Grey', '#b8b9bb', 'A pale mist-grey blazer — striking, modern, dressy without going dark.', 'published', 'seed', 'seed');
INSERT INTO product_images (product_id, url, sort_order) VALUES ('blazers-005', 'assets/images/blazers/blazers-005.png', 0);
INSERT INTO product_sizes (product_id, size, sort_order) VALUES ('blazers-005', 'S', 0);
INSERT INTO product_sizes (product_id, size, sort_order) VALUES ('blazers-005', 'M', 1);
INSERT INTO product_sizes (product_id, size, sort_order) VALUES ('blazers-005', 'L', 2);
INSERT INTO product_sizes (product_id, size, sort_order) VALUES ('blazers-005', 'XL', 3);
INSERT INTO product_sizes (product_id, size, sort_order) VALUES ('blazers-005', 'XXL', 4);
INSERT INTO product_occasions (product_id, occasion, sort_order) VALUES ('blazers-005', 'event', 0);
INSERT INTO product_occasions (product_id, occasion, sort_order) VALUES ('blazers-005', 'smart-casual', 1);

-- blazers-006: Black Tailored Blazer
INSERT INTO products (id, name, category_id, price, color_name, color_hex, description, status, created_by, updated_by) VALUES ('blazers-006', 'Black Tailored Blazer', (SELECT id FROM categories WHERE slug = 'blazers'), 495000, 'Black', '#0e0e10', 'A clean black blazer — formal events, evening dinners, occasions that need a sharper edge.', 'published', 'seed', 'seed');
INSERT INTO product_images (product_id, url, sort_order) VALUES ('blazers-006', 'assets/images/blazers/blazers-006.png', 0);
INSERT INTO product_sizes (product_id, size, sort_order) VALUES ('blazers-006', 'S', 0);
INSERT INTO product_sizes (product_id, size, sort_order) VALUES ('blazers-006', 'M', 1);
INSERT INTO product_sizes (product_id, size, sort_order) VALUES ('blazers-006', 'L', 2);
INSERT INTO product_sizes (product_id, size, sort_order) VALUES ('blazers-006', 'XL', 3);
INSERT INTO product_sizes (product_id, size, sort_order) VALUES ('blazers-006', 'XXL', 4);
INSERT INTO product_occasions (product_id, occasion, sort_order) VALUES ('blazers-006', 'event', 0);
INSERT INTO product_occasions (product_id, occasion, sort_order) VALUES ('blazers-006', 'formal', 1);

-- blazers-007: Brown Houndstooth Blazer
INSERT INTO products (id, name, category_id, price, color_name, color_hex, description, status, created_by, updated_by) VALUES ('blazers-007', 'Brown Houndstooth Blazer', (SELECT id FROM categories WHERE slug = 'blazers'), 510000, 'Houndstooth', '#5b3826', 'Brown-and-rust houndstooth — old-school style with a modern slim cut.', 'published', 'seed', 'seed');
INSERT INTO product_images (product_id, url, sort_order) VALUES ('blazers-007', 'assets/images/blazers/blazers-007.png', 0);
INSERT INTO product_sizes (product_id, size, sort_order) VALUES ('blazers-007', 'S', 0);
INSERT INTO product_sizes (product_id, size, sort_order) VALUES ('blazers-007', 'M', 1);
INSERT INTO product_sizes (product_id, size, sort_order) VALUES ('blazers-007', 'L', 2);
INSERT INTO product_sizes (product_id, size, sort_order) VALUES ('blazers-007', 'XL', 3);
INSERT INTO product_sizes (product_id, size, sort_order) VALUES ('blazers-007', 'XXL', 4);
INSERT INTO product_occasions (product_id, occasion, sort_order) VALUES ('blazers-007', 'smart-casual', 0);
INSERT INTO product_occasions (product_id, occasion, sort_order) VALUES ('blazers-007', 'event', 1);

-- blazers-008: Navy Windowpane Blazer
INSERT INTO products (id, name, category_id, price, color_name, color_hex, description, status, created_by, updated_by) VALUES ('blazers-008', 'Navy Windowpane Blazer', (SELECT id FROM categories WHERE slug = 'blazers'), 510000, 'Navy Pane', '#243657', 'A navy blazer with a faint windowpane — the upgrade from the plain navy that men reach for.', 'published', 'seed', 'seed');
INSERT INTO product_images (product_id, url, sort_order) VALUES ('blazers-008', 'assets/images/blazers/blazers-008.png', 0);
INSERT INTO product_sizes (product_id, size, sort_order) VALUES ('blazers-008', 'S', 0);
INSERT INTO product_sizes (product_id, size, sort_order) VALUES ('blazers-008', 'M', 1);
INSERT INTO product_sizes (product_id, size, sort_order) VALUES ('blazers-008', 'L', 2);
INSERT INTO product_sizes (product_id, size, sort_order) VALUES ('blazers-008', 'XL', 3);
INSERT INTO product_sizes (product_id, size, sort_order) VALUES ('blazers-008', 'XXL', 4);
INSERT INTO product_occasions (product_id, occasion, sort_order) VALUES ('blazers-008', 'event', 0);
INSERT INTO product_occasions (product_id, occasion, sort_order) VALUES ('blazers-008', 'smart-casual', 1);

-- blazers-009: Olive Cotton Unstructured Blazer
INSERT INTO products (id, name, category_id, price, color_name, color_hex, description, status, created_by, updated_by) VALUES ('blazers-009', 'Olive Cotton Unstructured Blazer', (SELECT id FROM categories WHERE slug = 'blazers'), 440000, 'Olive', '#5d6037', 'Soft, unstructured olive cotton with patch pockets — wears almost like a shirt.', 'published', 'seed', 'seed');
INSERT INTO product_images (product_id, url, sort_order) VALUES ('blazers-009', 'assets/images/blazers/blazers-009.png', 0);
INSERT INTO product_sizes (product_id, size, sort_order) VALUES ('blazers-009', 'S', 0);
INSERT INTO product_sizes (product_id, size, sort_order) VALUES ('blazers-009', 'M', 1);
INSERT INTO product_sizes (product_id, size, sort_order) VALUES ('blazers-009', 'L', 2);
INSERT INTO product_sizes (product_id, size, sort_order) VALUES ('blazers-009', 'XL', 3);
INSERT INTO product_sizes (product_id, size, sort_order) VALUES ('blazers-009', 'XXL', 4);
INSERT INTO product_occasions (product_id, occasion, sort_order) VALUES ('blazers-009', 'smart-casual', 0);
INSERT INTO product_occasions (product_id, occasion, sort_order) VALUES ('blazers-009', 'weekend', 1);

-- blazers-010: Camel Cashmere-Touch Blazer
INSERT INTO products (id, name, category_id, price, color_name, color_hex, description, status, created_by, updated_by) VALUES ('blazers-010', 'Camel Cashmere-Touch Blazer', (SELECT id FROM categories WHERE slug = 'blazers'), 520000, 'Camel', '#aa7e4a', 'A warm camel blazer with a soft, cashmere-touch finish — distinctive and quietly luxurious.', 'published', 'seed', 'seed');
INSERT INTO product_images (product_id, url, sort_order) VALUES ('blazers-010', 'assets/images/blazers/blazers-010.png', 0);
INSERT INTO product_sizes (product_id, size, sort_order) VALUES ('blazers-010', 'S', 0);
INSERT INTO product_sizes (product_id, size, sort_order) VALUES ('blazers-010', 'M', 1);
INSERT INTO product_sizes (product_id, size, sort_order) VALUES ('blazers-010', 'L', 2);
INSERT INTO product_sizes (product_id, size, sort_order) VALUES ('blazers-010', 'XL', 3);
INSERT INTO product_sizes (product_id, size, sort_order) VALUES ('blazers-010', 'XXL', 4);
INSERT INTO product_occasions (product_id, occasion, sort_order) VALUES ('blazers-010', 'event', 0);
INSERT INTO product_occasions (product_id, occasion, sort_order) VALUES ('blazers-010', 'smart-casual', 1);

-- blazers-011: Burgundy Wool Blazer
INSERT INTO products (id, name, category_id, price, color_name, color_hex, description, status, created_by, updated_by) VALUES ('blazers-011', 'Burgundy Wool Blazer', (SELECT id FROM categories WHERE slug = 'blazers'), 495000, 'Burgundy', '#581d27', 'A confident burgundy blazer — pairs especially well with charcoal or black trousers.', 'published', 'seed', 'seed');
INSERT INTO product_images (product_id, url, sort_order) VALUES ('blazers-011', 'assets/images/blazers/blazers-011.png', 0);
INSERT INTO product_sizes (product_id, size, sort_order) VALUES ('blazers-011', 'S', 0);
INSERT INTO product_sizes (product_id, size, sort_order) VALUES ('blazers-011', 'M', 1);
INSERT INTO product_sizes (product_id, size, sort_order) VALUES ('blazers-011', 'L', 2);
INSERT INTO product_sizes (product_id, size, sort_order) VALUES ('blazers-011', 'XL', 3);
INSERT INTO product_sizes (product_id, size, sort_order) VALUES ('blazers-011', 'XXL', 4);
INSERT INTO product_occasions (product_id, occasion, sort_order) VALUES ('blazers-011', 'event', 0);
INSERT INTO product_occasions (product_id, occasion, sort_order) VALUES ('blazers-011', 'formal', 1);

-- suits-001: Royal Navy 2-Piece Suit
INSERT INTO products (id, name, category_id, price, color_name, color_hex, description, status, created_by, updated_by) VALUES ('suits-001', 'Royal Navy 2-Piece Suit', (SELECT id FROM categories WHERE slug = 'suits'), 750000, 'Royal Navy', '#1f2e57', 'The cornerstone navy suit — clean two-button jacket, flat-front trouser, sharp notch lapels.', 'published', 'seed', 'seed');
INSERT INTO product_images (product_id, url, sort_order) VALUES ('suits-001', 'assets/images/suits/suits-001.png', 0);
INSERT INTO product_sizes (product_id, size, sort_order) VALUES ('suits-001', 'S', 0);
INSERT INTO product_sizes (product_id, size, sort_order) VALUES ('suits-001', 'M', 1);
INSERT INTO product_sizes (product_id, size, sort_order) VALUES ('suits-001', 'L', 2);
INSERT INTO product_sizes (product_id, size, sort_order) VALUES ('suits-001', 'XL', 3);
INSERT INTO product_sizes (product_id, size, sort_order) VALUES ('suits-001', 'XXL', 4);
INSERT INTO product_occasions (product_id, occasion, sort_order) VALUES ('suits-001', 'work', 0);
INSERT INTO product_occasions (product_id, occasion, sort_order) VALUES ('suits-001', 'event', 1);
INSERT INTO product_badges (product_id, badge, sort_order) VALUES ('suits-001', 'bestseller', 0);

-- suits-002: Charcoal Business Suit
INSERT INTO products (id, name, category_id, price, color_name, color_hex, description, status, created_by, updated_by) VALUES ('suits-002', 'Charcoal Business Suit', (SELECT id FROM categories WHERE slug = 'suits'), 750000, 'Charcoal', '#3a3d40', 'Charcoal wool — the suit you wear when the room needs to know you are serious.', 'published', 'seed', 'seed');
INSERT INTO product_images (product_id, url, sort_order) VALUES ('suits-002', 'assets/images/suits/suits-002.png', 0);
INSERT INTO product_sizes (product_id, size, sort_order) VALUES ('suits-002', 'S', 0);
INSERT INTO product_sizes (product_id, size, sort_order) VALUES ('suits-002', 'M', 1);
INSERT INTO product_sizes (product_id, size, sort_order) VALUES ('suits-002', 'L', 2);
INSERT INTO product_sizes (product_id, size, sort_order) VALUES ('suits-002', 'XL', 3);
INSERT INTO product_sizes (product_id, size, sort_order) VALUES ('suits-002', 'XXL', 4);
INSERT INTO product_occasions (product_id, occasion, sort_order) VALUES ('suits-002', 'work', 0);
INSERT INTO product_occasions (product_id, occasion, sort_order) VALUES ('suits-002', 'formal', 1);

-- suits-003: Pebble Grey 2-Piece Suit
INSERT INTO products (id, name, category_id, price, color_name, color_hex, description, status, created_by, updated_by) VALUES ('suits-003', 'Pebble Grey 2-Piece Suit', (SELECT id FROM categories WHERE slug = 'suits'), 740000, 'Pebble Grey', '#9a9a96', 'Light grey wool — modern, photogenic, especially good for daytime events and weddings.', 'published', 'seed', 'seed');
INSERT INTO product_images (product_id, url, sort_order) VALUES ('suits-003', 'assets/images/suits/suits-003.png', 0);
INSERT INTO product_sizes (product_id, size, sort_order) VALUES ('suits-003', 'S', 0);
INSERT INTO product_sizes (product_id, size, sort_order) VALUES ('suits-003', 'M', 1);
INSERT INTO product_sizes (product_id, size, sort_order) VALUES ('suits-003', 'L', 2);
INSERT INTO product_sizes (product_id, size, sort_order) VALUES ('suits-003', 'XL', 3);
INSERT INTO product_sizes (product_id, size, sort_order) VALUES ('suits-003', 'XXL', 4);
INSERT INTO product_occasions (product_id, occasion, sort_order) VALUES ('suits-003', 'event', 0);
INSERT INTO product_occasions (product_id, occasion, sort_order) VALUES ('suits-003', 'smart-casual', 1);

-- suits-004: Classic Black Tuxedo
INSERT INTO products (id, name, category_id, price, color_name, color_hex, description, status, created_by, updated_by) VALUES ('suits-004', 'Classic Black Tuxedo', (SELECT id FROM categories WHERE slug = 'suits'), 920000, 'Black', '#0c0c0d', 'A classic peak-lapel tuxedo with satin facing — black-tie-ready out of the box.', 'published', 'seed', 'seed');
INSERT INTO product_images (product_id, url, sort_order) VALUES ('suits-004', 'assets/images/suits/suits-004.png', 0);
INSERT INTO product_sizes (product_id, size, sort_order) VALUES ('suits-004', 'S', 0);
INSERT INTO product_sizes (product_id, size, sort_order) VALUES ('suits-004', 'M', 1);
INSERT INTO product_sizes (product_id, size, sort_order) VALUES ('suits-004', 'L', 2);
INSERT INTO product_sizes (product_id, size, sort_order) VALUES ('suits-004', 'XL', 3);
INSERT INTO product_sizes (product_id, size, sort_order) VALUES ('suits-004', 'XXL', 4);
INSERT INTO product_occasions (product_id, occasion, sort_order) VALUES ('suits-004', 'event', 0);
INSERT INTO product_occasions (product_id, occasion, sort_order) VALUES ('suits-004', 'formal', 1);

-- suits-005: Sand Linen 2-Piece Suit
INSERT INTO products (id, name, category_id, price, color_name, color_hex, description, status, created_by, updated_by) VALUES ('suits-005', 'Sand Linen 2-Piece Suit', (SELECT id FROM categories WHERE slug = 'suits'), 720000, 'Sand', '#c4ad84', 'Soft sand linen — built for warm-weather weddings and outdoor events.', 'published', 'seed', 'seed');
INSERT INTO product_images (product_id, url, sort_order) VALUES ('suits-005', 'assets/images/suits/suits-005.png', 0);
INSERT INTO product_sizes (product_id, size, sort_order) VALUES ('suits-005', 'S', 0);
INSERT INTO product_sizes (product_id, size, sort_order) VALUES ('suits-005', 'M', 1);
INSERT INTO product_sizes (product_id, size, sort_order) VALUES ('suits-005', 'L', 2);
INSERT INTO product_sizes (product_id, size, sort_order) VALUES ('suits-005', 'XL', 3);
INSERT INTO product_sizes (product_id, size, sort_order) VALUES ('suits-005', 'XXL', 4);
INSERT INTO product_occasions (product_id, occasion, sort_order) VALUES ('suits-005', 'event', 0);
INSERT INTO product_occasions (product_id, occasion, sort_order) VALUES ('suits-005', 'smart-casual', 1);

-- suits-006: Brown Windowpane Suit
INSERT INTO products (id, name, category_id, price, color_name, color_hex, description, status, created_by, updated_by) VALUES ('suits-006', 'Brown Windowpane Suit', (SELECT id FROM categories WHERE slug = 'suits'), 800000, 'Brown', '#6a4c34', 'Tobacco-brown wool with a subtle windowpane — distinctive without being loud.', 'published', 'seed', 'seed');
INSERT INTO product_images (product_id, url, sort_order) VALUES ('suits-006', 'assets/images/suits/suits-006.png', 0);
INSERT INTO product_sizes (product_id, size, sort_order) VALUES ('suits-006', 'S', 0);
INSERT INTO product_sizes (product_id, size, sort_order) VALUES ('suits-006', 'M', 1);
INSERT INTO product_sizes (product_id, size, sort_order) VALUES ('suits-006', 'L', 2);
INSERT INTO product_sizes (product_id, size, sort_order) VALUES ('suits-006', 'XL', 3);
INSERT INTO product_sizes (product_id, size, sort_order) VALUES ('suits-006', 'XXL', 4);
INSERT INTO product_occasions (product_id, occasion, sort_order) VALUES ('suits-006', 'smart-casual', 0);
INSERT INTO product_occasions (product_id, occasion, sort_order) VALUES ('suits-006', 'event', 1);

-- suits-007: Black Pinstripe DB Suit
INSERT INTO products (id, name, category_id, price, color_name, color_hex, description, status, created_by, updated_by) VALUES ('suits-007', 'Black Pinstripe DB Suit', (SELECT id FROM categories WHERE slug = 'suits'), 950000, 'Pinstripe', '#1a1a1c', 'A classic double-breasted black pinstripe — for boardrooms, weddings, and serious occasions.', 'published', 'seed', 'seed');
INSERT INTO product_images (product_id, url, sort_order) VALUES ('suits-007', 'assets/images/suits/suits-007.png', 0);
INSERT INTO product_sizes (product_id, size, sort_order) VALUES ('suits-007', 'S', 0);
INSERT INTO product_sizes (product_id, size, sort_order) VALUES ('suits-007', 'M', 1);
INSERT INTO product_sizes (product_id, size, sort_order) VALUES ('suits-007', 'L', 2);
INSERT INTO product_sizes (product_id, size, sort_order) VALUES ('suits-007', 'XL', 3);
INSERT INTO product_sizes (product_id, size, sort_order) VALUES ('suits-007', 'XXL', 4);
INSERT INTO product_occasions (product_id, occasion, sort_order) VALUES ('suits-007', 'formal', 0);
INSERT INTO product_occasions (product_id, occasion, sort_order) VALUES ('suits-007', 'event', 1);

-- suits-008: Olive Tailored Suit
INSERT INTO products (id, name, category_id, price, color_name, color_hex, description, status, created_by, updated_by) VALUES ('suits-008', 'Olive Tailored Suit', (SELECT id FROM categories WHERE slug = 'suits'), 760000, 'Olive', '#52572f', 'An unusual but versatile olive — works beautifully with cream or stone shirts.', 'published', 'seed', 'seed');
INSERT INTO product_images (product_id, url, sort_order) VALUES ('suits-008', 'assets/images/suits/suits-008.png', 0);
INSERT INTO product_sizes (product_id, size, sort_order) VALUES ('suits-008', 'S', 0);
INSERT INTO product_sizes (product_id, size, sort_order) VALUES ('suits-008', 'M', 1);
INSERT INTO product_sizes (product_id, size, sort_order) VALUES ('suits-008', 'L', 2);
INSERT INTO product_sizes (product_id, size, sort_order) VALUES ('suits-008', 'XL', 3);
INSERT INTO product_sizes (product_id, size, sort_order) VALUES ('suits-008', 'XXL', 4);
INSERT INTO product_occasions (product_id, occasion, sort_order) VALUES ('suits-008', 'event', 0);
INSERT INTO product_occasions (product_id, occasion, sort_order) VALUES ('suits-008', 'smart-casual', 1);

-- suits-009: Sky Windowpane Suit
INSERT INTO products (id, name, category_id, price, color_name, color_hex, description, status, created_by, updated_by) VALUES ('suits-009', 'Sky Windowpane Suit', (SELECT id FROM categories WHERE slug = 'suits'), 800000, 'Sky Pane', '#3e537a', 'A muted blue with a soft windowpane — distinctive, daytime-friendly, photographs well.', 'published', 'seed', 'seed');
INSERT INTO product_images (product_id, url, sort_order) VALUES ('suits-009', 'assets/images/suits/suits-009.png', 0);
INSERT INTO product_sizes (product_id, size, sort_order) VALUES ('suits-009', 'S', 0);
INSERT INTO product_sizes (product_id, size, sort_order) VALUES ('suits-009', 'M', 1);
INSERT INTO product_sizes (product_id, size, sort_order) VALUES ('suits-009', 'L', 2);
INSERT INTO product_sizes (product_id, size, sort_order) VALUES ('suits-009', 'XL', 3);
INSERT INTO product_sizes (product_id, size, sort_order) VALUES ('suits-009', 'XXL', 4);
INSERT INTO product_occasions (product_id, occasion, sort_order) VALUES ('suits-009', 'event', 0);
INSERT INTO product_occasions (product_id, occasion, sort_order) VALUES ('suits-009', 'smart-casual', 1);

-- suits-010: Burgundy Velvet Tuxedo
INSERT INTO products (id, name, category_id, price, color_name, color_hex, description, status, created_by, updated_by) VALUES ('suits-010', 'Burgundy Velvet Tuxedo', (SELECT id FROM categories WHERE slug = 'suits'), 950000, 'Burgundy', '#3f1218', 'Deep burgundy with satin shawl lapel — for the man who wants to be remembered at the event.', 'published', 'seed', 'seed');
INSERT INTO product_images (product_id, url, sort_order) VALUES ('suits-010', 'assets/images/suits/suits-010.png', 0);
INSERT INTO product_sizes (product_id, size, sort_order) VALUES ('suits-010', 'S', 0);
INSERT INTO product_sizes (product_id, size, sort_order) VALUES ('suits-010', 'M', 1);
INSERT INTO product_sizes (product_id, size, sort_order) VALUES ('suits-010', 'L', 2);
INSERT INTO product_sizes (product_id, size, sort_order) VALUES ('suits-010', 'XL', 3);
INSERT INTO product_sizes (product_id, size, sort_order) VALUES ('suits-010', 'XXL', 4);
INSERT INTO product_occasions (product_id, occasion, sort_order) VALUES ('suits-010', 'event', 0);
INSERT INTO product_occasions (product_id, occasion, sort_order) VALUES ('suits-010', 'formal', 1);
INSERT INTO product_badges (product_id, badge, sort_order) VALUES ('suits-010', 'new', 0);

-- coats-001: Charcoal Wool Overcoat
INSERT INTO products (id, name, category_id, price, color_name, color_hex, description, status, created_by, updated_by) VALUES ('coats-001', 'Charcoal Wool Overcoat', (SELECT id FROM categories WHERE slug = 'coats'), 620000, 'Charcoal', '#3a3d41', 'A single-breasted, knee-length wool overcoat — clean lines, three-button front, dresses up everything underneath.', 'published', 'seed', 'seed');
INSERT INTO product_images (product_id, url, sort_order) VALUES ('coats-001', 'assets/images/coats/coats-001.png', 0);
INSERT INTO product_sizes (product_id, size, sort_order) VALUES ('coats-001', 'S', 0);
INSERT INTO product_sizes (product_id, size, sort_order) VALUES ('coats-001', 'M', 1);
INSERT INTO product_sizes (product_id, size, sort_order) VALUES ('coats-001', 'L', 2);
INSERT INTO product_sizes (product_id, size, sort_order) VALUES ('coats-001', 'XL', 3);
INSERT INTO product_sizes (product_id, size, sort_order) VALUES ('coats-001', 'XXL', 4);
INSERT INTO product_occasions (product_id, occasion, sort_order) VALUES ('coats-001', 'work', 0);
INSERT INTO product_occasions (product_id, occasion, sort_order) VALUES ('coats-001', 'formal', 1);

-- jackets-001: Stone Harrington Jacket
INSERT INTO products (id, name, category_id, price, color_name, color_hex, description, status, created_by, updated_by) VALUES ('jackets-001', 'Stone Harrington Jacket', (SELECT id FROM categories WHERE slug = 'jackets'), 320000, 'Stone', '#8e8b7e', 'A classic Harrington in soft stone — stand collar, snap closure, made for cool evenings.', 'published', 'seed', 'seed');
INSERT INTO product_images (product_id, url, sort_order) VALUES ('jackets-001', 'assets/images/jackets/jackets-001.png', 0);
INSERT INTO product_sizes (product_id, size, sort_order) VALUES ('jackets-001', 'S', 0);
INSERT INTO product_sizes (product_id, size, sort_order) VALUES ('jackets-001', 'M', 1);
INSERT INTO product_sizes (product_id, size, sort_order) VALUES ('jackets-001', 'L', 2);
INSERT INTO product_sizes (product_id, size, sort_order) VALUES ('jackets-001', 'XL', 3);
INSERT INTO product_sizes (product_id, size, sort_order) VALUES ('jackets-001', 'XXL', 4);
INSERT INTO product_occasions (product_id, occasion, sort_order) VALUES ('jackets-001', 'weekend', 0);
INSERT INTO product_occasions (product_id, occasion, sort_order) VALUES ('jackets-001', 'smart-casual', 1);

-- jackets-002: Black Leather Biker Jacket
INSERT INTO products (id, name, category_id, price, color_name, color_hex, description, status, created_by, updated_by) VALUES ('jackets-002', 'Black Leather Biker Jacket', (SELECT id FROM categories WHERE slug = 'jackets'), 550000, 'Black', '#0e0e10', 'Asymmetric biker jacket in soft black leather — quilted shoulders, classic belted hem.', 'published', 'seed', 'seed');
INSERT INTO product_images (product_id, url, sort_order) VALUES ('jackets-002', 'assets/images/jackets/jackets-002.png', 0);
INSERT INTO product_sizes (product_id, size, sort_order) VALUES ('jackets-002', 'S', 0);
INSERT INTO product_sizes (product_id, size, sort_order) VALUES ('jackets-002', 'M', 1);
INSERT INTO product_sizes (product_id, size, sort_order) VALUES ('jackets-002', 'L', 2);
INSERT INTO product_sizes (product_id, size, sort_order) VALUES ('jackets-002', 'XL', 3);
INSERT INTO product_sizes (product_id, size, sort_order) VALUES ('jackets-002', 'XXL', 4);
INSERT INTO product_occasions (product_id, occasion, sort_order) VALUES ('jackets-002', 'weekend', 0);
INSERT INTO product_occasions (product_id, occasion, sort_order) VALUES ('jackets-002', 'casual', 1);
INSERT INTO product_badges (product_id, badge, sort_order) VALUES ('jackets-002', 'bestseller', 0);

-- jackets-003: Navy MA-1 Bomber Jacket
INSERT INTO products (id, name, category_id, price, color_name, color_hex, description, status, created_by, updated_by) VALUES ('jackets-003', 'Navy MA-1 Bomber Jacket', (SELECT id FROM categories WHERE slug = 'jackets'), 295000, 'Navy', '#1c2a44', 'The classic MA-1 bomber in deep navy — ribbed cuffs and hem, two-way zip.', 'published', 'seed', 'seed');
INSERT INTO product_images (product_id, url, sort_order) VALUES ('jackets-003', 'assets/images/jackets/jackets-003.png', 0);
INSERT INTO product_sizes (product_id, size, sort_order) VALUES ('jackets-003', 'S', 0);
INSERT INTO product_sizes (product_id, size, sort_order) VALUES ('jackets-003', 'M', 1);
INSERT INTO product_sizes (product_id, size, sort_order) VALUES ('jackets-003', 'L', 2);
INSERT INTO product_sizes (product_id, size, sort_order) VALUES ('jackets-003', 'XL', 3);
INSERT INTO product_sizes (product_id, size, sort_order) VALUES ('jackets-003', 'XXL', 4);
INSERT INTO product_occasions (product_id, occasion, sort_order) VALUES ('jackets-003', 'weekend', 0);
INSERT INTO product_occasions (product_id, occasion, sort_order) VALUES ('jackets-003', 'casual', 1);

-- jackets-004: Light Wash Denim Trucker
INSERT INTO products (id, name, category_id, price, color_name, color_hex, description, status, created_by, updated_by) VALUES ('jackets-004', 'Light Wash Denim Trucker', (SELECT id FROM categories WHERE slug = 'jackets'), 280000, 'Light Wash', '#9cb5cb', 'A washed-blue trucker jacket — twin chest pockets, slim-but-easy fit, wears in over time.', 'published', 'seed', 'seed');
INSERT INTO product_images (product_id, url, sort_order) VALUES ('jackets-004', 'assets/images/jackets/jackets-004.png', 0);
INSERT INTO product_sizes (product_id, size, sort_order) VALUES ('jackets-004', 'S', 0);
INSERT INTO product_sizes (product_id, size, sort_order) VALUES ('jackets-004', 'M', 1);
INSERT INTO product_sizes (product_id, size, sort_order) VALUES ('jackets-004', 'L', 2);
INSERT INTO product_sizes (product_id, size, sort_order) VALUES ('jackets-004', 'XL', 3);
INSERT INTO product_sizes (product_id, size, sort_order) VALUES ('jackets-004', 'XXL', 4);
INSERT INTO product_occasions (product_id, occasion, sort_order) VALUES ('jackets-004', 'weekend', 0);
INSERT INTO product_occasions (product_id, occasion, sort_order) VALUES ('jackets-004', 'casual', 1);

-- jackets-005: Tan Suede Trucker Jacket
INSERT INTO products (id, name, category_id, price, color_name, color_hex, description, status, created_by, updated_by) VALUES ('jackets-005', 'Tan Suede Trucker Jacket', (SELECT id FROM categories WHERE slug = 'jackets'), 480000, 'Tan Suede', '#a36e3a', 'Soft tan suede in a trucker silhouette — luxe alternative to the denim version.', 'published', 'seed', 'seed');
INSERT INTO product_images (product_id, url, sort_order) VALUES ('jackets-005', 'assets/images/jackets/jackets-005.png', 0);
INSERT INTO product_sizes (product_id, size, sort_order) VALUES ('jackets-005', 'S', 0);
INSERT INTO product_sizes (product_id, size, sort_order) VALUES ('jackets-005', 'M', 1);
INSERT INTO product_sizes (product_id, size, sort_order) VALUES ('jackets-005', 'L', 2);
INSERT INTO product_sizes (product_id, size, sort_order) VALUES ('jackets-005', 'XL', 3);
INSERT INTO product_sizes (product_id, size, sort_order) VALUES ('jackets-005', 'XXL', 4);
INSERT INTO product_occasions (product_id, occasion, sort_order) VALUES ('jackets-005', 'weekend', 0);
INSERT INTO product_occasions (product_id, occasion, sort_order) VALUES ('jackets-005', 'smart-casual', 1);

-- jackets-006: Olive Field Jacket
INSERT INTO products (id, name, category_id, price, color_name, color_hex, description, status, created_by, updated_by) VALUES ('jackets-006', 'Olive Field Jacket', (SELECT id FROM categories WHERE slug = 'jackets'), 320000, 'Olive', '#4a4f30', 'A four-pocket olive field jacket — classic military silhouette, built for cooler evenings.', 'published', 'seed', 'seed');
INSERT INTO product_images (product_id, url, sort_order) VALUES ('jackets-006', 'assets/images/jackets/jackets-006.png', 0);
INSERT INTO product_sizes (product_id, size, sort_order) VALUES ('jackets-006', 'S', 0);
INSERT INTO product_sizes (product_id, size, sort_order) VALUES ('jackets-006', 'M', 1);
INSERT INTO product_sizes (product_id, size, sort_order) VALUES ('jackets-006', 'L', 2);
INSERT INTO product_sizes (product_id, size, sort_order) VALUES ('jackets-006', 'XL', 3);
INSERT INTO product_sizes (product_id, size, sort_order) VALUES ('jackets-006', 'XXL', 4);
INSERT INTO product_occasions (product_id, occasion, sort_order) VALUES ('jackets-006', 'weekend', 0);
INSERT INTO product_occasions (product_id, occasion, sort_order) VALUES ('jackets-006', 'casual', 1);

-- jackets-007: Black Quilted Jacket
INSERT INTO products (id, name, category_id, price, color_name, color_hex, description, status, created_by, updated_by) VALUES ('jackets-007', 'Black Quilted Jacket', (SELECT id FROM categories WHERE slug = 'jackets'), 310000, 'Black', '#0e0e10', 'A diamond-quilted black jacket with a stand collar — dresses up over a shirt, dresses down over a knit.', 'published', 'seed', 'seed');
INSERT INTO product_images (product_id, url, sort_order) VALUES ('jackets-007', 'assets/images/jackets/jackets-007.png', 0);
INSERT INTO product_sizes (product_id, size, sort_order) VALUES ('jackets-007', 'S', 0);
INSERT INTO product_sizes (product_id, size, sort_order) VALUES ('jackets-007', 'M', 1);
INSERT INTO product_sizes (product_id, size, sort_order) VALUES ('jackets-007', 'L', 2);
INSERT INTO product_sizes (product_id, size, sort_order) VALUES ('jackets-007', 'XL', 3);
INSERT INTO product_sizes (product_id, size, sort_order) VALUES ('jackets-007', 'XXL', 4);
INSERT INTO product_occasions (product_id, occasion, sort_order) VALUES ('jackets-007', 'weekend', 0);
INSERT INTO product_occasions (product_id, occasion, sort_order) VALUES ('jackets-007', 'smart-casual', 1);

-- jackets-008: Beige Check-Lined Harrington
INSERT INTO products (id, name, category_id, price, color_name, color_hex, description, status, created_by, updated_by) VALUES ('jackets-008', 'Beige Check-Lined Harrington', (SELECT id FROM categories WHERE slug = 'jackets'), 320000, 'Beige', '#bba582', 'A beige Harrington with the iconic check-tartan lining — refined, era-correct, instantly classic.', 'published', 'seed', 'seed');
INSERT INTO product_images (product_id, url, sort_order) VALUES ('jackets-008', 'assets/images/jackets/jackets-008.png', 0);
INSERT INTO product_sizes (product_id, size, sort_order) VALUES ('jackets-008', 'S', 0);
INSERT INTO product_sizes (product_id, size, sort_order) VALUES ('jackets-008', 'M', 1);
INSERT INTO product_sizes (product_id, size, sort_order) VALUES ('jackets-008', 'L', 2);
INSERT INTO product_sizes (product_id, size, sort_order) VALUES ('jackets-008', 'XL', 3);
INSERT INTO product_sizes (product_id, size, sort_order) VALUES ('jackets-008', 'XXL', 4);
INSERT INTO product_occasions (product_id, occasion, sort_order) VALUES ('jackets-008', 'weekend', 0);
INSERT INTO product_occasions (product_id, occasion, sort_order) VALUES ('jackets-008', 'smart-casual', 1);

-- jackets-009: Charcoal Wool Overshirt
INSERT INTO products (id, name, category_id, price, color_name, color_hex, description, status, created_by, updated_by) VALUES ('jackets-009', 'Charcoal Wool Overshirt', (SELECT id FROM categories WHERE slug = 'jackets'), 300000, 'Charcoal', '#3a3d41', 'A charcoal wool overshirt — heavier than a shirt, lighter than a coat, sharper than a hoodie.', 'published', 'seed', 'seed');
INSERT INTO product_images (product_id, url, sort_order) VALUES ('jackets-009', 'assets/images/jackets/jackets-009.png', 0);
INSERT INTO product_sizes (product_id, size, sort_order) VALUES ('jackets-009', 'S', 0);
INSERT INTO product_sizes (product_id, size, sort_order) VALUES ('jackets-009', 'M', 1);
INSERT INTO product_sizes (product_id, size, sort_order) VALUES ('jackets-009', 'L', 2);
INSERT INTO product_sizes (product_id, size, sort_order) VALUES ('jackets-009', 'XL', 3);
INSERT INTO product_sizes (product_id, size, sort_order) VALUES ('jackets-009', 'XXL', 4);
INSERT INTO product_occasions (product_id, occasion, sort_order) VALUES ('jackets-009', 'weekend', 0);
INSERT INTO product_occasions (product_id, occasion, sort_order) VALUES ('jackets-009', 'smart-casual', 1);

-- jackets-010: Rust Lightweight Puffer
INSERT INTO products (id, name, category_id, price, color_name, color_hex, description, status, created_by, updated_by) VALUES ('jackets-010', 'Rust Lightweight Puffer', (SELECT id FROM categories WHERE slug = 'jackets'), 320000, 'Rust', '#a14b1c', 'A packable rust puffer — warm, light, and a more interesting colour than the usual black.', 'published', 'seed', 'seed');
INSERT INTO product_images (product_id, url, sort_order) VALUES ('jackets-010', 'assets/images/jackets/jackets-010.png', 0);
INSERT INTO product_sizes (product_id, size, sort_order) VALUES ('jackets-010', 'S', 0);
INSERT INTO product_sizes (product_id, size, sort_order) VALUES ('jackets-010', 'M', 1);
INSERT INTO product_sizes (product_id, size, sort_order) VALUES ('jackets-010', 'L', 2);
INSERT INTO product_sizes (product_id, size, sort_order) VALUES ('jackets-010', 'XL', 3);
INSERT INTO product_sizes (product_id, size, sort_order) VALUES ('jackets-010', 'XXL', 4);
INSERT INTO product_occasions (product_id, occasion, sort_order) VALUES ('jackets-010', 'weekend', 0);
INSERT INTO product_occasions (product_id, occasion, sort_order) VALUES ('jackets-010', 'casual', 1);

-- jackets-011: Ivory Varsity Jacket
INSERT INTO products (id, name, category_id, price, color_name, color_hex, description, status, created_by, updated_by) VALUES ('jackets-011', 'Ivory Varsity Jacket', (SELECT id FROM categories WHERE slug = 'jackets'), 350000, 'Ivory', '#e8e1c8', 'A varsity jacket with ivory body and contrast taupe sleeves — wears like a college classic.', 'published', 'seed', 'seed');
INSERT INTO product_images (product_id, url, sort_order) VALUES ('jackets-011', 'assets/images/jackets/jackets-011.png', 0);
INSERT INTO product_sizes (product_id, size, sort_order) VALUES ('jackets-011', 'S', 0);
INSERT INTO product_sizes (product_id, size, sort_order) VALUES ('jackets-011', 'M', 1);
INSERT INTO product_sizes (product_id, size, sort_order) VALUES ('jackets-011', 'L', 2);
INSERT INTO product_sizes (product_id, size, sort_order) VALUES ('jackets-011', 'XL', 3);
INSERT INTO product_sizes (product_id, size, sort_order) VALUES ('jackets-011', 'XXL', 4);
INSERT INTO product_occasions (product_id, occasion, sort_order) VALUES ('jackets-011', 'weekend', 0);
INSERT INTO product_occasions (product_id, occasion, sort_order) VALUES ('jackets-011', 'casual', 1);
INSERT INTO product_badges (product_id, badge, sort_order) VALUES ('jackets-011', 'new', 0);

-- shoes-001: Walnut Cap-Toe Oxford
INSERT INTO products (id, name, category_id, price, color_name, color_hex, description, status, created_by, updated_by) VALUES ('shoes-001', 'Walnut Cap-Toe Oxford', (SELECT id FROM categories WHERE slug = 'shoes'), 365000, 'Walnut', '#5a3520', 'Burnished walnut leather, classic cap-toe Oxford construction — the dress shoe of dress shoes.', 'published', 'seed', 'seed');
INSERT INTO product_images (product_id, url, sort_order) VALUES ('shoes-001', 'assets/images/shoes/shoes-001.png', 0);
INSERT INTO product_sizes (product_id, size, sort_order) VALUES ('shoes-001', '40', 0);
INSERT INTO product_sizes (product_id, size, sort_order) VALUES ('shoes-001', '41', 1);
INSERT INTO product_sizes (product_id, size, sort_order) VALUES ('shoes-001', '42', 2);
INSERT INTO product_sizes (product_id, size, sort_order) VALUES ('shoes-001', '43', 3);
INSERT INTO product_sizes (product_id, size, sort_order) VALUES ('shoes-001', '44', 4);
INSERT INTO product_sizes (product_id, size, sort_order) VALUES ('shoes-001', '45', 5);
INSERT INTO product_occasions (product_id, occasion, sort_order) VALUES ('shoes-001', 'work', 0);
INSERT INTO product_occasions (product_id, occasion, sort_order) VALUES ('shoes-001', 'formal', 1);
INSERT INTO product_badges (product_id, badge, sort_order) VALUES ('shoes-001', 'bestseller', 0);

-- shoes-002: K-LINE Navy Court Sneaker
INSERT INTO products (id, name, category_id, price, color_name, color_hex, description, status, created_by, updated_by) VALUES ('shoes-002', 'K-LINE Navy Court Sneaker', (SELECT id FROM categories WHERE slug = 'shoes'), 285000, 'Navy', '#15192b', 'The K-LINE court sneaker in navy with cream sole — embroidered K, premium leather upper.', 'published', 'seed', 'seed');
INSERT INTO product_images (product_id, url, sort_order) VALUES ('shoes-002', 'assets/images/shoes/shoes-002.png', 0);
INSERT INTO product_sizes (product_id, size, sort_order) VALUES ('shoes-002', '40', 0);
INSERT INTO product_sizes (product_id, size, sort_order) VALUES ('shoes-002', '41', 1);
INSERT INTO product_sizes (product_id, size, sort_order) VALUES ('shoes-002', '42', 2);
INSERT INTO product_sizes (product_id, size, sort_order) VALUES ('shoes-002', '43', 3);
INSERT INTO product_sizes (product_id, size, sort_order) VALUES ('shoes-002', '44', 4);
INSERT INTO product_sizes (product_id, size, sort_order) VALUES ('shoes-002', '45', 5);
INSERT INTO product_occasions (product_id, occasion, sort_order) VALUES ('shoes-002', 'weekend', 0);
INSERT INTO product_occasions (product_id, occasion, sort_order) VALUES ('shoes-002', 'smart-casual', 1);
INSERT INTO product_badges (product_id, badge, sort_order) VALUES ('shoes-002', 'signature', 0);

-- shoes-003: Tan Suede Penny Loafer
INSERT INTO products (id, name, category_id, price, color_name, color_hex, description, status, created_by, updated_by) VALUES ('shoes-003', 'Tan Suede Penny Loafer', (SELECT id FROM categories WHERE slug = 'shoes'), 320000, 'Tan Suede', '#a36e3a', 'A warm tan suede penny loafer — the dress shoe that goes with chinos, jeans, and even shorts.', 'published', 'seed', 'seed');
INSERT INTO product_images (product_id, url, sort_order) VALUES ('shoes-003', 'assets/images/shoes/shoes-003.png', 0);
INSERT INTO product_sizes (product_id, size, sort_order) VALUES ('shoes-003', '40', 0);
INSERT INTO product_sizes (product_id, size, sort_order) VALUES ('shoes-003', '41', 1);
INSERT INTO product_sizes (product_id, size, sort_order) VALUES ('shoes-003', '42', 2);
INSERT INTO product_sizes (product_id, size, sort_order) VALUES ('shoes-003', '43', 3);
INSERT INTO product_sizes (product_id, size, sort_order) VALUES ('shoes-003', '44', 4);
INSERT INTO product_sizes (product_id, size, sort_order) VALUES ('shoes-003', '45', 5);
INSERT INTO product_occasions (product_id, occasion, sort_order) VALUES ('shoes-003', 'smart-casual', 0);
INSERT INTO product_occasions (product_id, occasion, sort_order) VALUES ('shoes-003', 'weekend', 1);

-- shoes-004: White Leather Low-Top Sneaker
INSERT INTO products (id, name, category_id, price, color_name, color_hex, description, status, created_by, updated_by) VALUES ('shoes-004', 'White Leather Low-Top Sneaker', (SELECT id FROM categories WHERE slug = 'shoes'), 260000, 'White', '#f7f6f2', 'A clean white leather sneaker — works with everything from suits to shorts.', 'published', 'seed', 'seed');
INSERT INTO product_images (product_id, url, sort_order) VALUES ('shoes-004', 'assets/images/shoes/shoes-004.png', 0);
INSERT INTO product_sizes (product_id, size, sort_order) VALUES ('shoes-004', '40', 0);
INSERT INTO product_sizes (product_id, size, sort_order) VALUES ('shoes-004', '41', 1);
INSERT INTO product_sizes (product_id, size, sort_order) VALUES ('shoes-004', '42', 2);
INSERT INTO product_sizes (product_id, size, sort_order) VALUES ('shoes-004', '43', 3);
INSERT INTO product_sizes (product_id, size, sort_order) VALUES ('shoes-004', '44', 4);
INSERT INTO product_sizes (product_id, size, sort_order) VALUES ('shoes-004', '45', 5);
INSERT INTO product_occasions (product_id, occasion, sort_order) VALUES ('shoes-004', 'weekend', 0);
INSERT INTO product_occasions (product_id, occasion, sort_order) VALUES ('shoes-004', 'smart-casual', 1);

-- shoes-005: Black Cap-Toe Oxford
INSERT INTO products (id, name, category_id, price, color_name, color_hex, description, status, created_by, updated_by) VALUES ('shoes-005', 'Black Cap-Toe Oxford', (SELECT id FROM categories WHERE slug = 'shoes'), 360000, 'Black', '#0e0e10', 'Black calf leather, cap-toe Oxford — the only dress shoe a tuxedo respects.', 'published', 'seed', 'seed');
INSERT INTO product_images (product_id, url, sort_order) VALUES ('shoes-005', 'assets/images/shoes/shoes-005.png', 0);
INSERT INTO product_sizes (product_id, size, sort_order) VALUES ('shoes-005', '40', 0);
INSERT INTO product_sizes (product_id, size, sort_order) VALUES ('shoes-005', '41', 1);
INSERT INTO product_sizes (product_id, size, sort_order) VALUES ('shoes-005', '42', 2);
INSERT INTO product_sizes (product_id, size, sort_order) VALUES ('shoes-005', '43', 3);
INSERT INTO product_sizes (product_id, size, sort_order) VALUES ('shoes-005', '44', 4);
INSERT INTO product_sizes (product_id, size, sort_order) VALUES ('shoes-005', '45', 5);
INSERT INTO product_occasions (product_id, occasion, sort_order) VALUES ('shoes-005', 'formal', 0);
INSERT INTO product_occasions (product_id, occasion, sort_order) VALUES ('shoes-005', 'event', 1);

-- shoes-006: Brown Plain-Toe Derby
INSERT INTO products (id, name, category_id, price, color_name, color_hex, description, status, created_by, updated_by) VALUES ('shoes-006', 'Brown Plain-Toe Derby', (SELECT id FROM categories WHERE slug = 'shoes'), 340000, 'Brown', '#4a2e1a', 'Smooth brown leather derby — slightly more relaxed than an Oxford, equally smart.', 'published', 'seed', 'seed');
INSERT INTO product_images (product_id, url, sort_order) VALUES ('shoes-006', 'assets/images/shoes/shoes-006.png', 0);
INSERT INTO product_sizes (product_id, size, sort_order) VALUES ('shoes-006', '40', 0);
INSERT INTO product_sizes (product_id, size, sort_order) VALUES ('shoes-006', '41', 1);
INSERT INTO product_sizes (product_id, size, sort_order) VALUES ('shoes-006', '42', 2);
INSERT INTO product_sizes (product_id, size, sort_order) VALUES ('shoes-006', '43', 3);
INSERT INTO product_sizes (product_id, size, sort_order) VALUES ('shoes-006', '44', 4);
INSERT INTO product_sizes (product_id, size, sort_order) VALUES ('shoes-006', '45', 5);
INSERT INTO product_occasions (product_id, occasion, sort_order) VALUES ('shoes-006', 'work', 0);
INSERT INTO product_occasions (product_id, occasion, sort_order) VALUES ('shoes-006', 'smart-casual', 1);

-- shoes-007: Tan Brogue Wingtip
INSERT INTO products (id, name, category_id, price, color_name, color_hex, description, status, created_by, updated_by) VALUES ('shoes-007', 'Tan Brogue Wingtip', (SELECT id FROM categories WHERE slug = 'shoes'), 380000, 'Tan', '#9a673c', 'Burnished tan leather with full broguing and wingtip — character shoe, dressed-up presence.', 'published', 'seed', 'seed');
INSERT INTO product_images (product_id, url, sort_order) VALUES ('shoes-007', 'assets/images/shoes/shoes-007.png', 0);
INSERT INTO product_sizes (product_id, size, sort_order) VALUES ('shoes-007', '40', 0);
INSERT INTO product_sizes (product_id, size, sort_order) VALUES ('shoes-007', '41', 1);
INSERT INTO product_sizes (product_id, size, sort_order) VALUES ('shoes-007', '42', 2);
INSERT INTO product_sizes (product_id, size, sort_order) VALUES ('shoes-007', '43', 3);
INSERT INTO product_sizes (product_id, size, sort_order) VALUES ('shoes-007', '44', 4);
INSERT INTO product_sizes (product_id, size, sort_order) VALUES ('shoes-007', '45', 5);
INSERT INTO product_occasions (product_id, occasion, sort_order) VALUES ('shoes-007', 'smart-casual', 0);
INSERT INTO product_occasions (product_id, occasion, sort_order) VALUES ('shoes-007', 'event', 1);

-- shoes-008: Black Leather Penny Loafer
INSERT INTO products (id, name, category_id, price, color_name, color_hex, description, status, created_by, updated_by) VALUES ('shoes-008', 'Black Leather Penny Loafer', (SELECT id FROM categories WHERE slug = 'shoes'), 330000, 'Black', '#0e0e10', 'A clean black penny loafer — slips on, wears with everything, ages beautifully.', 'published', 'seed', 'seed');
INSERT INTO product_images (product_id, url, sort_order) VALUES ('shoes-008', 'assets/images/shoes/shoes-008.png', 0);
INSERT INTO product_sizes (product_id, size, sort_order) VALUES ('shoes-008', '40', 0);
INSERT INTO product_sizes (product_id, size, sort_order) VALUES ('shoes-008', '41', 1);
INSERT INTO product_sizes (product_id, size, sort_order) VALUES ('shoes-008', '42', 2);
INSERT INTO product_sizes (product_id, size, sort_order) VALUES ('shoes-008', '43', 3);
INSERT INTO product_sizes (product_id, size, sort_order) VALUES ('shoes-008', '44', 4);
INSERT INTO product_sizes (product_id, size, sort_order) VALUES ('shoes-008', '45', 5);
INSERT INTO product_occasions (product_id, occasion, sort_order) VALUES ('shoes-008', 'work', 0);
INSERT INTO product_occasions (product_id, occasion, sort_order) VALUES ('shoes-008', 'smart-casual', 1);

-- shoes-009: Espresso Suede Penny Loafer
INSERT INTO products (id, name, category_id, price, color_name, color_hex, description, status, created_by, updated_by) VALUES ('shoes-009', 'Espresso Suede Penny Loafer', (SELECT id FROM categories WHERE slug = 'shoes'), 320000, 'Espresso', '#3a2418', 'Dark espresso suede — slightly dressier than tan, just as flexible.', 'published', 'seed', 'seed');
INSERT INTO product_images (product_id, url, sort_order) VALUES ('shoes-009', 'assets/images/shoes/shoes-009.png', 0);
INSERT INTO product_sizes (product_id, size, sort_order) VALUES ('shoes-009', '40', 0);
INSERT INTO product_sizes (product_id, size, sort_order) VALUES ('shoes-009', '41', 1);
INSERT INTO product_sizes (product_id, size, sort_order) VALUES ('shoes-009', '42', 2);
INSERT INTO product_sizes (product_id, size, sort_order) VALUES ('shoes-009', '43', 3);
INSERT INTO product_sizes (product_id, size, sort_order) VALUES ('shoes-009', '44', 4);
INSERT INTO product_sizes (product_id, size, sort_order) VALUES ('shoes-009', '45', 5);
INSERT INTO product_occasions (product_id, occasion, sort_order) VALUES ('shoes-009', 'smart-casual', 0);
INSERT INTO product_occasions (product_id, occasion, sort_order) VALUES ('shoes-009', 'weekend', 1);

-- shoes-010: All-White Minimal Sneaker
INSERT INTO products (id, name, category_id, price, color_name, color_hex, description, status, created_by, updated_by) VALUES ('shoes-010', 'All-White Minimal Sneaker', (SELECT id FROM categories WHERE slug = 'shoes'), 245000, 'White', '#ffffff', 'Pure white leather, minimal panelling, slim sole — the modern man''s default.', 'published', 'seed', 'seed');
INSERT INTO product_images (product_id, url, sort_order) VALUES ('shoes-010', 'assets/images/shoes/shoes-010.png', 0);
INSERT INTO product_sizes (product_id, size, sort_order) VALUES ('shoes-010', '40', 0);
INSERT INTO product_sizes (product_id, size, sort_order) VALUES ('shoes-010', '41', 1);
INSERT INTO product_sizes (product_id, size, sort_order) VALUES ('shoes-010', '42', 2);
INSERT INTO product_sizes (product_id, size, sort_order) VALUES ('shoes-010', '43', 3);
INSERT INTO product_sizes (product_id, size, sort_order) VALUES ('shoes-010', '44', 4);
INSERT INTO product_sizes (product_id, size, sort_order) VALUES ('shoes-010', '45', 5);
INSERT INTO product_occasions (product_id, occasion, sort_order) VALUES ('shoes-010', 'weekend', 0);
INSERT INTO product_occasions (product_id, occasion, sort_order) VALUES ('shoes-010', 'smart-casual', 1);

-- shoes-011: All-Black Minimal Sneaker
INSERT INTO products (id, name, category_id, price, color_name, color_hex, description, status, created_by, updated_by) VALUES ('shoes-011', 'All-Black Minimal Sneaker', (SELECT id FROM categories WHERE slug = 'shoes'), 245000, 'Black', '#0a0a0c', 'Same minimal silhouette as the white version, in stealth all-black.', 'published', 'seed', 'seed');
INSERT INTO product_images (product_id, url, sort_order) VALUES ('shoes-011', 'assets/images/shoes/shoes-011.png', 0);
INSERT INTO product_sizes (product_id, size, sort_order) VALUES ('shoes-011', '40', 0);
INSERT INTO product_sizes (product_id, size, sort_order) VALUES ('shoes-011', '41', 1);
INSERT INTO product_sizes (product_id, size, sort_order) VALUES ('shoes-011', '42', 2);
INSERT INTO product_sizes (product_id, size, sort_order) VALUES ('shoes-011', '43', 3);
INSERT INTO product_sizes (product_id, size, sort_order) VALUES ('shoes-011', '44', 4);
INSERT INTO product_sizes (product_id, size, sort_order) VALUES ('shoes-011', '45', 5);
INSERT INTO product_occasions (product_id, occasion, sort_order) VALUES ('shoes-011', 'weekend', 0);
INSERT INTO product_occasions (product_id, occasion, sort_order) VALUES ('shoes-011', 'smart-casual', 1);

-- shoes-012: Tan Suede Chelsea Boot
INSERT INTO products (id, name, category_id, price, color_name, color_hex, description, status, created_by, updated_by) VALUES ('shoes-012', 'Tan Suede Chelsea Boot', (SELECT id FROM categories WHERE slug = 'shoes'), 395000, 'Tan Suede', '#9c6a3c', 'Tan suede Chelsea boot with brown elastic gussets — a wardrobe upgrade waiting to happen.', 'published', 'seed', 'seed');
INSERT INTO product_images (product_id, url, sort_order) VALUES ('shoes-012', 'assets/images/shoes/shoes-012.png', 0);
INSERT INTO product_sizes (product_id, size, sort_order) VALUES ('shoes-012', '40', 0);
INSERT INTO product_sizes (product_id, size, sort_order) VALUES ('shoes-012', '41', 1);
INSERT INTO product_sizes (product_id, size, sort_order) VALUES ('shoes-012', '42', 2);
INSERT INTO product_sizes (product_id, size, sort_order) VALUES ('shoes-012', '43', 3);
INSERT INTO product_sizes (product_id, size, sort_order) VALUES ('shoes-012', '44', 4);
INSERT INTO product_sizes (product_id, size, sort_order) VALUES ('shoes-012', '45', 5);
INSERT INTO product_occasions (product_id, occasion, sort_order) VALUES ('shoes-012', 'smart-casual', 0);
INSERT INTO product_occasions (product_id, occasion, sort_order) VALUES ('shoes-012', 'weekend', 1);
INSERT INTO product_badges (product_id, badge, sort_order) VALUES ('shoes-012', 'new', 0);

-- shoes-013: Black Leather Chelsea Boot
INSERT INTO products (id, name, category_id, price, color_name, color_hex, description, status, created_by, updated_by) VALUES ('shoes-013', 'Black Leather Chelsea Boot', (SELECT id FROM categories WHERE slug = 'shoes'), 385000, 'Black', '#0e0e10', 'Polished black leather Chelsea — the boot for jeans, chinos, and even a dark suit.', 'published', 'seed', 'seed');
INSERT INTO product_images (product_id, url, sort_order) VALUES ('shoes-013', 'assets/images/shoes/shoes-013.png', 0);
INSERT INTO product_sizes (product_id, size, sort_order) VALUES ('shoes-013', '40', 0);
INSERT INTO product_sizes (product_id, size, sort_order) VALUES ('shoes-013', '41', 1);
INSERT INTO product_sizes (product_id, size, sort_order) VALUES ('shoes-013', '42', 2);
INSERT INTO product_sizes (product_id, size, sort_order) VALUES ('shoes-013', '43', 3);
INSERT INTO product_sizes (product_id, size, sort_order) VALUES ('shoes-013', '44', 4);
INSERT INTO product_sizes (product_id, size, sort_order) VALUES ('shoes-013', '45', 5);
INSERT INTO product_occasions (product_id, occasion, sort_order) VALUES ('shoes-013', 'smart-casual', 0);
INSERT INTO product_occasions (product_id, occasion, sort_order) VALUES ('shoes-013', 'event', 1);

-- shoes-014: Brown Double Monk Strap
INSERT INTO products (id, name, category_id, price, color_name, color_hex, description, status, created_by, updated_by) VALUES ('shoes-014', 'Brown Double Monk Strap', (SELECT id FROM categories WHERE slug = 'shoes'), 420000, 'Brown', '#4a2c18', 'Burnished brown leather, double monk strap — the dress shoe with personality.', 'published', 'seed', 'seed');
INSERT INTO product_images (product_id, url, sort_order) VALUES ('shoes-014', 'assets/images/shoes/shoes-014.png', 0);
INSERT INTO product_sizes (product_id, size, sort_order) VALUES ('shoes-014', '40', 0);
INSERT INTO product_sizes (product_id, size, sort_order) VALUES ('shoes-014', '41', 1);
INSERT INTO product_sizes (product_id, size, sort_order) VALUES ('shoes-014', '42', 2);
INSERT INTO product_sizes (product_id, size, sort_order) VALUES ('shoes-014', '43', 3);
INSERT INTO product_sizes (product_id, size, sort_order) VALUES ('shoes-014', '44', 4);
INSERT INTO product_sizes (product_id, size, sort_order) VALUES ('shoes-014', '45', 5);
INSERT INTO product_occasions (product_id, occasion, sort_order) VALUES ('shoes-014', 'event', 0);
INSERT INTO product_occasions (product_id, occasion, sort_order) VALUES ('shoes-014', 'smart-casual', 1);

-- sandals-001: Walnut Twin-Buckle Slide
INSERT INTO products (id, name, category_id, price, color_name, color_hex, description, status, created_by, updated_by) VALUES ('sandals-001', 'Walnut Twin-Buckle Slide', (SELECT id FROM categories WHERE slug = 'sandals'), 165000, 'Walnut', '#5a3520', 'Dark walnut leather over a soft cork-feel footbed, twin adjustable buckles — the classic two-strap slide done in better materials.', 'published', 'seed', 'seed');
INSERT INTO product_images (product_id, url, sort_order) VALUES ('sandals-001', 'assets/images/sandals/sandals-001.png', 0);
INSERT INTO product_sizes (product_id, size, sort_order) VALUES ('sandals-001', '40', 0);
INSERT INTO product_sizes (product_id, size, sort_order) VALUES ('sandals-001', '41', 1);
INSERT INTO product_sizes (product_id, size, sort_order) VALUES ('sandals-001', '42', 2);
INSERT INTO product_sizes (product_id, size, sort_order) VALUES ('sandals-001', '43', 3);
INSERT INTO product_sizes (product_id, size, sort_order) VALUES ('sandals-001', '44', 4);
INSERT INTO product_sizes (product_id, size, sort_order) VALUES ('sandals-001', '45', 5);
INSERT INTO product_occasions (product_id, occasion, sort_order) VALUES ('sandals-001', 'weekend', 0);
INSERT INTO product_occasions (product_id, occasion, sort_order) VALUES ('sandals-001', 'smart-casual', 1);

-- sandals-002: Black Cross-Strap Slide
INSERT INTO products (id, name, category_id, price, color_name, color_hex, description, status, created_by, updated_by) VALUES ('sandals-002', 'Black Cross-Strap Slide', (SELECT id FROM categories WHERE slug = 'sandals'), 155000, 'Black', '#0e0e10', 'Sleek black calf leather in an X-cross upper, on a clean black sole — slips on with shorts or chinos.', 'published', 'seed', 'seed');
INSERT INTO product_images (product_id, url, sort_order) VALUES ('sandals-002', 'assets/images/sandals/sandals-002.png', 0);
INSERT INTO product_sizes (product_id, size, sort_order) VALUES ('sandals-002', '40', 0);
INSERT INTO product_sizes (product_id, size, sort_order) VALUES ('sandals-002', '41', 1);
INSERT INTO product_sizes (product_id, size, sort_order) VALUES ('sandals-002', '42', 2);
INSERT INTO product_sizes (product_id, size, sort_order) VALUES ('sandals-002', '43', 3);
INSERT INTO product_sizes (product_id, size, sort_order) VALUES ('sandals-002', '44', 4);
INSERT INTO product_sizes (product_id, size, sort_order) VALUES ('sandals-002', '45', 5);
INSERT INTO product_occasions (product_id, occasion, sort_order) VALUES ('sandals-002', 'weekend', 0);
INSERT INTO product_occasions (product_id, occasion, sort_order) VALUES ('sandals-002', 'smart-casual', 1);

-- sandals-003: Brown Fisherman Sandal
INSERT INTO products (id, name, category_id, price, color_name, color_hex, description, status, created_by, updated_by) VALUES ('sandals-003', 'Brown Fisherman Sandal', (SELECT id FROM categories WHERE slug = 'sandals'), 175000, 'Brown', '#4a2e1a', 'Closed-toe woven brown leather, side-buckle adjustment — dressier than a slide, easier than a loafer.', 'published', 'seed', 'seed');
INSERT INTO product_images (product_id, url, sort_order) VALUES ('sandals-003', 'assets/images/sandals/sandals-003.png', 0);
INSERT INTO product_sizes (product_id, size, sort_order) VALUES ('sandals-003', '40', 0);
INSERT INTO product_sizes (product_id, size, sort_order) VALUES ('sandals-003', '41', 1);
INSERT INTO product_sizes (product_id, size, sort_order) VALUES ('sandals-003', '42', 2);
INSERT INTO product_sizes (product_id, size, sort_order) VALUES ('sandals-003', '43', 3);
INSERT INTO product_sizes (product_id, size, sort_order) VALUES ('sandals-003', '44', 4);
INSERT INTO product_sizes (product_id, size, sort_order) VALUES ('sandals-003', '45', 5);
INSERT INTO product_occasions (product_id, occasion, sort_order) VALUES ('sandals-003', 'weekend', 0);
INSERT INTO product_occasions (product_id, occasion, sort_order) VALUES ('sandals-003', 'smart-casual', 1);

-- sandals-004: K-LINE Sand Suede Slide
INSERT INTO products (id, name, category_id, price, color_name, color_hex, description, status, created_by, updated_by) VALUES ('sandals-004', 'K-LINE Sand Suede Slide', (SELECT id FROM categories WHERE slug = 'sandals'), 145000, 'Sand Suede', '#a8957a', 'Soft sand suede with embossed K, on a tonal cushioned footbed — the K-LINE take on the everyday slide.', 'published', 'seed', 'seed');
INSERT INTO product_images (product_id, url, sort_order) VALUES ('sandals-004', 'assets/images/sandals/sandals-004.png', 0);
INSERT INTO product_sizes (product_id, size, sort_order) VALUES ('sandals-004', '40', 0);
INSERT INTO product_sizes (product_id, size, sort_order) VALUES ('sandals-004', '41', 1);
INSERT INTO product_sizes (product_id, size, sort_order) VALUES ('sandals-004', '42', 2);
INSERT INTO product_sizes (product_id, size, sort_order) VALUES ('sandals-004', '43', 3);
INSERT INTO product_sizes (product_id, size, sort_order) VALUES ('sandals-004', '44', 4);
INSERT INTO product_sizes (product_id, size, sort_order) VALUES ('sandals-004', '45', 5);
INSERT INTO product_occasions (product_id, occasion, sort_order) VALUES ('sandals-004', 'weekend', 0);
INSERT INTO product_occasions (product_id, occasion, sort_order) VALUES ('sandals-004', 'smart-casual', 1);
INSERT INTO product_badges (product_id, badge, sort_order) VALUES ('sandals-004', 'signature', 0);
INSERT INTO product_badges (product_id, badge, sort_order) VALUES ('sandals-004', 'new', 1);

-- sandals-005: Tan Toe-Loop Sandal
INSERT INTO products (id, name, category_id, price, color_name, color_hex, description, status, created_by, updated_by) VALUES ('sandals-005', 'Tan Toe-Loop Sandal', (SELECT id FROM categories WHERE slug = 'sandals'), 165000, 'Tan', '#9a673c', 'Burnished tan leather with a Greek-style toe loop and back strap — minimalist warm-weather footwear.', 'published', 'seed', 'seed');
INSERT INTO product_images (product_id, url, sort_order) VALUES ('sandals-005', 'assets/images/sandals/sandals-005.png', 0);
INSERT INTO product_sizes (product_id, size, sort_order) VALUES ('sandals-005', '40', 0);
INSERT INTO product_sizes (product_id, size, sort_order) VALUES ('sandals-005', '41', 1);
INSERT INTO product_sizes (product_id, size, sort_order) VALUES ('sandals-005', '42', 2);
INSERT INTO product_sizes (product_id, size, sort_order) VALUES ('sandals-005', '43', 3);
INSERT INTO product_sizes (product_id, size, sort_order) VALUES ('sandals-005', '44', 4);
INSERT INTO product_sizes (product_id, size, sort_order) VALUES ('sandals-005', '45', 5);
INSERT INTO product_occasions (product_id, occasion, sort_order) VALUES ('sandals-005', 'weekend', 0);
INSERT INTO product_occasions (product_id, occasion, sort_order) VALUES ('sandals-005', 'casual', 1);

-- sandals-006: Navy Sport Sandal
INSERT INTO products (id, name, category_id, price, color_name, color_hex, description, status, created_by, updated_by) VALUES ('sandals-006', 'Navy Sport Sandal', (SELECT id FROM categories WHERE slug = 'sandals'), 125000, 'Navy', '#1c2a44', 'Perforated navy upper, double-strap with adjustable buckle, lightweight EVA sole — an active-day sandal.', 'published', 'seed', 'seed');
INSERT INTO product_images (product_id, url, sort_order) VALUES ('sandals-006', 'assets/images/sandals/sandals-006.png', 0);
INSERT INTO product_sizes (product_id, size, sort_order) VALUES ('sandals-006', '40', 0);
INSERT INTO product_sizes (product_id, size, sort_order) VALUES ('sandals-006', '41', 1);
INSERT INTO product_sizes (product_id, size, sort_order) VALUES ('sandals-006', '42', 2);
INSERT INTO product_sizes (product_id, size, sort_order) VALUES ('sandals-006', '43', 3);
INSERT INTO product_sizes (product_id, size, sort_order) VALUES ('sandals-006', '44', 4);
INSERT INTO product_sizes (product_id, size, sort_order) VALUES ('sandals-006', '45', 5);
INSERT INTO product_occasions (product_id, occasion, sort_order) VALUES ('sandals-006', 'weekend', 0);
INSERT INTO product_occasions (product_id, occasion, sort_order) VALUES ('sandals-006', 'sport', 1);

-- sandals-007: K-LINE Olive Suede X-Slide
INSERT INTO products (id, name, category_id, price, color_name, color_hex, description, status, created_by, updated_by) VALUES ('sandals-007', 'K-LINE Olive Suede X-Slide', (SELECT id FROM categories WHERE slug = 'sandals'), 145000, 'Olive Suede', '#5a6132', 'Olive suede in a crossover upper with embossed K — quietly distinctive, soft on the foot.', 'published', 'seed', 'seed');
INSERT INTO product_images (product_id, url, sort_order) VALUES ('sandals-007', 'assets/images/sandals/sandals-007.png', 0);
INSERT INTO product_sizes (product_id, size, sort_order) VALUES ('sandals-007', '40', 0);
INSERT INTO product_sizes (product_id, size, sort_order) VALUES ('sandals-007', '41', 1);
INSERT INTO product_sizes (product_id, size, sort_order) VALUES ('sandals-007', '42', 2);
INSERT INTO product_sizes (product_id, size, sort_order) VALUES ('sandals-007', '43', 3);
INSERT INTO product_sizes (product_id, size, sort_order) VALUES ('sandals-007', '44', 4);
INSERT INTO product_sizes (product_id, size, sort_order) VALUES ('sandals-007', '45', 5);
INSERT INTO product_occasions (product_id, occasion, sort_order) VALUES ('sandals-007', 'weekend', 0);
INSERT INTO product_occasions (product_id, occasion, sort_order) VALUES ('sandals-007', 'smart-casual', 1);
INSERT INTO product_badges (product_id, badge, sort_order) VALUES ('sandals-007', 'signature', 0);
INSERT INTO product_badges (product_id, badge, sort_order) VALUES ('sandals-007', 'new', 1);

-- sandals-008: Olive Webbed Trail Sandal
INSERT INTO products (id, name, category_id, price, color_name, color_hex, description, status, created_by, updated_by) VALUES ('sandals-008', 'Olive Webbed Trail Sandal', (SELECT id FROM categories WHERE slug = 'sandals'), 145000, 'Olive', '#4a5530', 'Heavy-duty olive webbing with hook-and-loop straps, rugged tread — built for actual use, not just the patio.', 'published', 'seed', 'seed');
INSERT INTO product_images (product_id, url, sort_order) VALUES ('sandals-008', 'assets/images/sandals/sandals-008.png', 0);
INSERT INTO product_sizes (product_id, size, sort_order) VALUES ('sandals-008', '40', 0);
INSERT INTO product_sizes (product_id, size, sort_order) VALUES ('sandals-008', '41', 1);
INSERT INTO product_sizes (product_id, size, sort_order) VALUES ('sandals-008', '42', 2);
INSERT INTO product_sizes (product_id, size, sort_order) VALUES ('sandals-008', '43', 3);
INSERT INTO product_sizes (product_id, size, sort_order) VALUES ('sandals-008', '44', 4);
INSERT INTO product_sizes (product_id, size, sort_order) VALUES ('sandals-008', '45', 5);
INSERT INTO product_occasions (product_id, occasion, sort_order) VALUES ('sandals-008', 'weekend', 0);
INSERT INTO product_occasions (product_id, occasion, sort_order) VALUES ('sandals-008', 'sport', 1);

-- sandals-009: Brown Closed Fisherman
INSERT INTO products (id, name, category_id, price, color_name, color_hex, description, status, created_by, updated_by) VALUES ('sandals-009', 'Brown Closed Fisherman', (SELECT id FROM categories WHERE slug = 'sandals'), 175000, 'Brown', '#4a2e1a', 'Brown leather woven upper with K-LINE branding, back strap, and a soft cushioned sole.', 'published', 'seed', 'seed');
INSERT INTO product_images (product_id, url, sort_order) VALUES ('sandals-009', 'assets/images/sandals/sandals-009.png', 0);
INSERT INTO product_sizes (product_id, size, sort_order) VALUES ('sandals-009', '40', 0);
INSERT INTO product_sizes (product_id, size, sort_order) VALUES ('sandals-009', '41', 1);
INSERT INTO product_sizes (product_id, size, sort_order) VALUES ('sandals-009', '42', 2);
INSERT INTO product_sizes (product_id, size, sort_order) VALUES ('sandals-009', '43', 3);
INSERT INTO product_sizes (product_id, size, sort_order) VALUES ('sandals-009', '44', 4);
INSERT INTO product_sizes (product_id, size, sort_order) VALUES ('sandals-009', '45', 5);
INSERT INTO product_occasions (product_id, occasion, sort_order) VALUES ('sandals-009', 'weekend', 0);
INSERT INTO product_occasions (product_id, occasion, sort_order) VALUES ('sandals-009', 'smart-casual', 1);

-- sandals-010: Espresso Two-Band Slide
INSERT INTO products (id, name, category_id, price, color_name, color_hex, description, status, created_by, updated_by) VALUES ('sandals-010', 'Espresso Two-Band Slide', (SELECT id FROM categories WHERE slug = 'sandals'), 155000, 'Espresso', '#3a2418', 'Two clean leather bands in deep espresso, on a thin leather sole — the dressy slide.', 'published', 'seed', 'seed');
INSERT INTO product_images (product_id, url, sort_order) VALUES ('sandals-010', 'assets/images/sandals/sandals-010.png', 0);
INSERT INTO product_sizes (product_id, size, sort_order) VALUES ('sandals-010', '40', 0);
INSERT INTO product_sizes (product_id, size, sort_order) VALUES ('sandals-010', '41', 1);
INSERT INTO product_sizes (product_id, size, sort_order) VALUES ('sandals-010', '42', 2);
INSERT INTO product_sizes (product_id, size, sort_order) VALUES ('sandals-010', '43', 3);
INSERT INTO product_sizes (product_id, size, sort_order) VALUES ('sandals-010', '44', 4);
INSERT INTO product_sizes (product_id, size, sort_order) VALUES ('sandals-010', '45', 5);
INSERT INTO product_occasions (product_id, occasion, sort_order) VALUES ('sandals-010', 'smart-casual', 0);
INSERT INTO product_occasions (product_id, occasion, sort_order) VALUES ('sandals-010', 'weekend', 1);

-- sandals-011: Cognac X-Cross Slide
INSERT INTO products (id, name, category_id, price, color_name, color_hex, description, status, created_by, updated_by) VALUES ('sandals-011', 'Cognac X-Cross Slide', (SELECT id FROM categories WHERE slug = 'sandals'), 165000, 'Cognac', '#9a673c', 'Burnished cognac leather in a crossover upper — warm, dressy, and distinct from the usual brown.', 'published', 'seed', 'seed');
INSERT INTO product_images (product_id, url, sort_order) VALUES ('sandals-011', 'assets/images/sandals/sandals-011.png', 0);
INSERT INTO product_sizes (product_id, size, sort_order) VALUES ('sandals-011', '40', 0);
INSERT INTO product_sizes (product_id, size, sort_order) VALUES ('sandals-011', '41', 1);
INSERT INTO product_sizes (product_id, size, sort_order) VALUES ('sandals-011', '42', 2);
INSERT INTO product_sizes (product_id, size, sort_order) VALUES ('sandals-011', '43', 3);
INSERT INTO product_sizes (product_id, size, sort_order) VALUES ('sandals-011', '44', 4);
INSERT INTO product_sizes (product_id, size, sort_order) VALUES ('sandals-011', '45', 5);
INSERT INTO product_occasions (product_id, occasion, sort_order) VALUES ('sandals-011', 'weekend', 0);
INSERT INTO product_occasions (product_id, occasion, sort_order) VALUES ('sandals-011', 'smart-casual', 1);

-- sandals-012: Black Twin-Buckle Slide
INSERT INTO products (id, name, category_id, price, color_name, color_hex, description, status, created_by, updated_by) VALUES ('sandals-012', 'Black Twin-Buckle Slide', (SELECT id FROM categories WHERE slug = 'sandals'), 155000, 'Black', '#0e0e10', 'All-black leather slide with twin buckles and a contoured footbed — minimal, easy.', 'published', 'seed', 'seed');
INSERT INTO product_images (product_id, url, sort_order) VALUES ('sandals-012', 'assets/images/sandals/sandals-012.png', 0);
INSERT INTO product_sizes (product_id, size, sort_order) VALUES ('sandals-012', '40', 0);
INSERT INTO product_sizes (product_id, size, sort_order) VALUES ('sandals-012', '41', 1);
INSERT INTO product_sizes (product_id, size, sort_order) VALUES ('sandals-012', '42', 2);
INSERT INTO product_sizes (product_id, size, sort_order) VALUES ('sandals-012', '43', 3);
INSERT INTO product_sizes (product_id, size, sort_order) VALUES ('sandals-012', '44', 4);
INSERT INTO product_sizes (product_id, size, sort_order) VALUES ('sandals-012', '45', 5);
INSERT INTO product_occasions (product_id, occasion, sort_order) VALUES ('sandals-012', 'weekend', 0);
INSERT INTO product_occasions (product_id, occasion, sort_order) VALUES ('sandals-012', 'casual', 1);

-- sandals-013: Black Single-Strap Slide
INSERT INTO products (id, name, category_id, price, color_name, color_hex, description, status, created_by, updated_by) VALUES ('sandals-013', 'Black Single-Strap Slide', (SELECT id FROM categories WHERE slug = 'sandals'), 125000, 'Black', '#0e0e10', 'Single soft leather strap, padded footbed, all-black sole — the slide you grab on the way out.', 'published', 'seed', 'seed');
INSERT INTO product_images (product_id, url, sort_order) VALUES ('sandals-013', 'assets/images/sandals/sandals-013.png', 0);
INSERT INTO product_sizes (product_id, size, sort_order) VALUES ('sandals-013', '40', 0);
INSERT INTO product_sizes (product_id, size, sort_order) VALUES ('sandals-013', '41', 1);
INSERT INTO product_sizes (product_id, size, sort_order) VALUES ('sandals-013', '42', 2);
INSERT INTO product_sizes (product_id, size, sort_order) VALUES ('sandals-013', '43', 3);
INSERT INTO product_sizes (product_id, size, sort_order) VALUES ('sandals-013', '44', 4);
INSERT INTO product_sizes (product_id, size, sort_order) VALUES ('sandals-013', '45', 5);
INSERT INTO product_occasions (product_id, occasion, sort_order) VALUES ('sandals-013', 'weekend', 0);
INSERT INTO product_occasions (product_id, occasion, sort_order) VALUES ('sandals-013', 'casual', 1);

-- sandals-014: Cognac Fisherman Sandal
INSERT INTO products (id, name, category_id, price, color_name, color_hex, description, status, created_by, updated_by) VALUES ('sandals-014', 'Cognac Fisherman Sandal', (SELECT id FROM categories WHERE slug = 'sandals'), 185000, 'Cognac', '#a16a3a', 'Closed-toe woven cognac leather, side buckle, dressy enough for chinos — the smart fisherman.', 'published', 'seed', 'seed');
INSERT INTO product_images (product_id, url, sort_order) VALUES ('sandals-014', 'assets/images/sandals/sandals-014.png', 0);
INSERT INTO product_sizes (product_id, size, sort_order) VALUES ('sandals-014', '40', 0);
INSERT INTO product_sizes (product_id, size, sort_order) VALUES ('sandals-014', '41', 1);
INSERT INTO product_sizes (product_id, size, sort_order) VALUES ('sandals-014', '42', 2);
INSERT INTO product_sizes (product_id, size, sort_order) VALUES ('sandals-014', '43', 3);
INSERT INTO product_sizes (product_id, size, sort_order) VALUES ('sandals-014', '44', 4);
INSERT INTO product_sizes (product_id, size, sort_order) VALUES ('sandals-014', '45', 5);
INSERT INTO product_occasions (product_id, occasion, sort_order) VALUES ('sandals-014', 'weekend', 0);
INSERT INTO product_occasions (product_id, occasion, sort_order) VALUES ('sandals-014', 'smart-casual', 1);

-- sandals-015: Sand Suede Buckle Slide
INSERT INTO products (id, name, category_id, price, color_name, color_hex, description, status, created_by, updated_by) VALUES ('sandals-015', 'Sand Suede Buckle Slide', (SELECT id FROM categories WHERE slug = 'sandals'), 165000, 'Sand Suede', '#c8b691', 'Soft sand suede in twin straps with brass-tone buckles — premium take on the Birkenstock silhouette.', 'published', 'seed', 'seed');
INSERT INTO product_images (product_id, url, sort_order) VALUES ('sandals-015', 'assets/images/sandals/sandals-015.png', 0);
INSERT INTO product_sizes (product_id, size, sort_order) VALUES ('sandals-015', '40', 0);
INSERT INTO product_sizes (product_id, size, sort_order) VALUES ('sandals-015', '41', 1);
INSERT INTO product_sizes (product_id, size, sort_order) VALUES ('sandals-015', '42', 2);
INSERT INTO product_sizes (product_id, size, sort_order) VALUES ('sandals-015', '43', 3);
INSERT INTO product_sizes (product_id, size, sort_order) VALUES ('sandals-015', '44', 4);
INSERT INTO product_sizes (product_id, size, sort_order) VALUES ('sandals-015', '45', 5);
INSERT INTO product_occasions (product_id, occasion, sort_order) VALUES ('sandals-015', 'weekend', 0);
INSERT INTO product_occasions (product_id, occasion, sort_order) VALUES ('sandals-015', 'smart-casual', 1);

-- sandals-016: Olive Trail Sport Sandal
INSERT INTO products (id, name, category_id, price, color_name, color_hex, description, status, created_by, updated_by) VALUES ('sandals-016', 'Olive Trail Sport Sandal', (SELECT id FROM categories WHERE slug = 'sandals'), 155000, 'Olive', '#4a5530', 'Three-point strap system, padded heel, deep tread — built for trails and weekend hikes.', 'published', 'seed', 'seed');
INSERT INTO product_images (product_id, url, sort_order) VALUES ('sandals-016', 'assets/images/sandals/sandals-016.png', 0);
INSERT INTO product_sizes (product_id, size, sort_order) VALUES ('sandals-016', '40', 0);
INSERT INTO product_sizes (product_id, size, sort_order) VALUES ('sandals-016', '41', 1);
INSERT INTO product_sizes (product_id, size, sort_order) VALUES ('sandals-016', '42', 2);
INSERT INTO product_sizes (product_id, size, sort_order) VALUES ('sandals-016', '43', 3);
INSERT INTO product_sizes (product_id, size, sort_order) VALUES ('sandals-016', '44', 4);
INSERT INTO product_sizes (product_id, size, sort_order) VALUES ('sandals-016', '45', 5);
INSERT INTO product_occasions (product_id, occasion, sort_order) VALUES ('sandals-016', 'weekend', 0);
INSERT INTO product_occasions (product_id, occasion, sort_order) VALUES ('sandals-016', 'sport', 1);

-- sandals-017: Navy EVA Pool Sandal
INSERT INTO products (id, name, category_id, price, color_name, color_hex, description, status, created_by, updated_by) VALUES ('sandals-017', 'Navy EVA Pool Sandal', (SELECT id FROM categories WHERE slug = 'sandals'), 95000, 'Navy', '#1f2a48', 'Molded navy EVA, adjustable straps, water-friendly — for the pool, the lake, or the rainy commute.', 'published', 'seed', 'seed');
INSERT INTO product_images (product_id, url, sort_order) VALUES ('sandals-017', 'assets/images/sandals/sandals-017.png', 0);
INSERT INTO product_sizes (product_id, size, sort_order) VALUES ('sandals-017', '40', 0);
INSERT INTO product_sizes (product_id, size, sort_order) VALUES ('sandals-017', '41', 1);
INSERT INTO product_sizes (product_id, size, sort_order) VALUES ('sandals-017', '42', 2);
INSERT INTO product_sizes (product_id, size, sort_order) VALUES ('sandals-017', '43', 3);
INSERT INTO product_sizes (product_id, size, sort_order) VALUES ('sandals-017', '44', 4);
INSERT INTO product_sizes (product_id, size, sort_order) VALUES ('sandals-017', '45', 5);
INSERT INTO product_occasions (product_id, occasion, sort_order) VALUES ('sandals-017', 'weekend', 0);
INSERT INTO product_occasions (product_id, occasion, sort_order) VALUES ('sandals-017', 'casual', 1);

-- sandals-018: Black Leather Flip-Flop
INSERT INTO products (id, name, category_id, price, color_name, color_hex, description, status, created_by, updated_by) VALUES ('sandals-018', 'Black Leather Flip-Flop', (SELECT id FROM categories WHERE slug = 'sandals'), 115000, 'Black', '#0e0e10', 'Premium black leather thong on a leather sole — the upgrade from the rubber flip-flop you keep replacing.', 'published', 'seed', 'seed');
INSERT INTO product_images (product_id, url, sort_order) VALUES ('sandals-018', 'assets/images/sandals/sandals-018.png', 0);
INSERT INTO product_sizes (product_id, size, sort_order) VALUES ('sandals-018', '40', 0);
INSERT INTO product_sizes (product_id, size, sort_order) VALUES ('sandals-018', '41', 1);
INSERT INTO product_sizes (product_id, size, sort_order) VALUES ('sandals-018', '42', 2);
INSERT INTO product_sizes (product_id, size, sort_order) VALUES ('sandals-018', '43', 3);
INSERT INTO product_sizes (product_id, size, sort_order) VALUES ('sandals-018', '44', 4);
INSERT INTO product_sizes (product_id, size, sort_order) VALUES ('sandals-018', '45', 5);
INSERT INTO product_occasions (product_id, occasion, sort_order) VALUES ('sandals-018', 'weekend', 0);
INSERT INTO product_occasions (product_id, occasion, sort_order) VALUES ('sandals-018', 'casual', 1);

-- sandals-019: Cognac Open Fisherman
INSERT INTO products (id, name, category_id, price, color_name, color_hex, description, status, created_by, updated_by) VALUES ('sandals-019', 'Cognac Open Fisherman', (SELECT id FROM categories WHERE slug = 'sandals'), 175000, 'Cognac', '#9a6438', 'Cognac leather with closed sides and an open toe and heel — warm-weather counterpart to the dress shoe.', 'published', 'seed', 'seed');
INSERT INTO product_images (product_id, url, sort_order) VALUES ('sandals-019', 'assets/images/sandals/sandals-019.png', 0);
INSERT INTO product_sizes (product_id, size, sort_order) VALUES ('sandals-019', '40', 0);
INSERT INTO product_sizes (product_id, size, sort_order) VALUES ('sandals-019', '41', 1);
INSERT INTO product_sizes (product_id, size, sort_order) VALUES ('sandals-019', '42', 2);
INSERT INTO product_sizes (product_id, size, sort_order) VALUES ('sandals-019', '43', 3);
INSERT INTO product_sizes (product_id, size, sort_order) VALUES ('sandals-019', '44', 4);
INSERT INTO product_sizes (product_id, size, sort_order) VALUES ('sandals-019', '45', 5);
INSERT INTO product_occasions (product_id, occasion, sort_order) VALUES ('sandals-019', 'weekend', 0);
INSERT INTO product_occasions (product_id, occasion, sort_order) VALUES ('sandals-019', 'smart-casual', 1);

-- caps-001: K-LINE Black Plate 6-Panel Cap
INSERT INTO products (id, name, category_id, price, color_name, color_hex, description, status, created_by, updated_by) VALUES ('caps-001', 'K-LINE Black Plate 6-Panel Cap', (SELECT id FROM categories WHERE slug = 'caps'), 75000, 'Black', '#0e0e10', 'Heavyweight black cotton 6-panel with brushed metallic K-LINE plate, adjustable strap — the benchmark cap.', 'published', 'seed', 'seed');
INSERT INTO product_images (product_id, url, sort_order) VALUES ('caps-001', 'assets/images/caps/caps-001.png', 0);
INSERT INTO product_sizes (product_id, size, sort_order) VALUES ('caps-001', 'One Size', 0);
INSERT INTO product_occasions (product_id, occasion, sort_order) VALUES ('caps-001', 'weekend', 0);
INSERT INTO product_occasions (product_id, occasion, sort_order) VALUES ('caps-001', 'casual', 1);
INSERT INTO product_badges (product_id, badge, sort_order) VALUES ('caps-001', 'signature', 0);
INSERT INTO product_badges (product_id, badge, sort_order) VALUES ('caps-001', 'new', 1);

-- caps-002: K-LINE Navy K Logo Dad Cap
INSERT INTO products (id, name, category_id, price, color_name, color_hex, description, status, created_by, updated_by) VALUES ('caps-002', 'K-LINE Navy K Logo Dad Cap', (SELECT id FROM categories WHERE slug = 'caps'), 65000, 'Navy', '#1c2a44', 'Soft navy washed cotton, embroidered K with K-LINE MEN''S STORE wordmark beneath — unstructured fit.', 'published', 'seed', 'seed');
INSERT INTO product_images (product_id, url, sort_order) VALUES ('caps-002', 'assets/images/caps/caps-002.png', 0);
INSERT INTO product_sizes (product_id, size, sort_order) VALUES ('caps-002', 'One Size', 0);
INSERT INTO product_occasions (product_id, occasion, sort_order) VALUES ('caps-002', 'weekend', 0);
INSERT INTO product_occasions (product_id, occasion, sort_order) VALUES ('caps-002', 'casual', 1);
INSERT INTO product_badges (product_id, badge, sort_order) VALUES ('caps-002', 'signature', 0);

-- caps-003: K-LINE Sand Tonal Dad Cap
INSERT INTO products (id, name, category_id, price, color_name, color_hex, description, status, created_by, updated_by) VALUES ('caps-003', 'K-LINE Sand Tonal Dad Cap', (SELECT id FROM categories WHERE slug = 'caps'), 65000, 'Sand', '#cdb892', 'Sand cotton with tonal K-LINE wordmark — quiet branding, soft brim, easy with anything warm-toned.', 'published', 'seed', 'seed');
INSERT INTO product_images (product_id, url, sort_order) VALUES ('caps-003', 'assets/images/caps/caps-003.png', 0);
INSERT INTO product_sizes (product_id, size, sort_order) VALUES ('caps-003', 'One Size', 0);
INSERT INTO product_occasions (product_id, occasion, sort_order) VALUES ('caps-003', 'weekend', 0);
INSERT INTO product_occasions (product_id, occasion, sort_order) VALUES ('caps-003', 'casual', 1);
INSERT INTO product_badges (product_id, badge, sort_order) VALUES ('caps-003', 'signature', 0);

-- caps-004: K-LINE Olive Leather-Patch Cap
INSERT INTO products (id, name, category_id, price, color_name, color_hex, description, status, created_by, updated_by) VALUES ('caps-004', 'K-LINE Olive Leather-Patch Cap', (SELECT id FROM categories WHERE slug = 'caps'), 75000, 'Olive', '#5a6034', 'Olive cotton 6-panel with stitched-on brown leather K-LINE patch — earthy, structured, dependable.', 'published', 'seed', 'seed');
INSERT INTO product_images (product_id, url, sort_order) VALUES ('caps-004', 'assets/images/caps/caps-004.png', 0);
INSERT INTO product_sizes (product_id, size, sort_order) VALUES ('caps-004', 'One Size', 0);
INSERT INTO product_occasions (product_id, occasion, sort_order) VALUES ('caps-004', 'weekend', 0);
INSERT INTO product_occasions (product_id, occasion, sort_order) VALUES ('caps-004', 'casual', 1);
INSERT INTO product_badges (product_id, badge, sort_order) VALUES ('caps-004', 'signature', 0);

-- caps-005: K-LINE Charcoal Leather-Patch Cap
INSERT INTO products (id, name, category_id, price, color_name, color_hex, description, status, created_by, updated_by) VALUES ('caps-005', 'K-LINE Charcoal Leather-Patch Cap', (SELECT id FROM categories WHERE slug = 'caps'), 75000, 'Charcoal', '#3a3d41', 'Charcoal cotton 6-panel with black leather K-LINE patch — neutral, sharp, pairs with everything.', 'published', 'seed', 'seed');
INSERT INTO product_images (product_id, url, sort_order) VALUES ('caps-005', 'assets/images/caps/caps-005.png', 0);
INSERT INTO product_sizes (product_id, size, sort_order) VALUES ('caps-005', 'One Size', 0);
INSERT INTO product_occasions (product_id, occasion, sort_order) VALUES ('caps-005', 'weekend', 0);
INSERT INTO product_occasions (product_id, occasion, sort_order) VALUES ('caps-005', 'casual', 1);
INSERT INTO product_badges (product_id, badge, sort_order) VALUES ('caps-005', 'signature', 0);

-- caps-006: K-LINE Brown Suede Cap
INSERT INTO products (id, name, category_id, price, color_name, color_hex, description, status, created_by, updated_by) VALUES ('caps-006', 'K-LINE Brown Suede Cap', (SELECT id FROM categories WHERE slug = 'caps'), 95000, 'Brown Suede', '#5a3a22', 'Soft brown suede with tonal embossed K-LINE — a step up in material, made for cooler evenings.', 'published', 'seed', 'seed');
INSERT INTO product_images (product_id, url, sort_order) VALUES ('caps-006', 'assets/images/caps/caps-006.png', 0);
INSERT INTO product_sizes (product_id, size, sort_order) VALUES ('caps-006', 'One Size', 0);
INSERT INTO product_occasions (product_id, occasion, sort_order) VALUES ('caps-006', 'weekend', 0);
INSERT INTO product_occasions (product_id, occasion, sort_order) VALUES ('caps-006', 'smart-casual', 1);
INSERT INTO product_badges (product_id, badge, sort_order) VALUES ('caps-006', 'signature', 0);
INSERT INTO product_badges (product_id, badge, sort_order) VALUES ('caps-006', 'new', 1);

-- caps-007: K-LINE White Wordmark Dad Cap
INSERT INTO products (id, name, category_id, price, color_name, color_hex, description, status, created_by, updated_by) VALUES ('caps-007', 'K-LINE White Wordmark Dad Cap', (SELECT id FROM categories WHERE slug = 'caps'), 65000, 'White', '#ffffff', 'Crisp white cotton with black K-LINE MEN''S STORE print — the one to wear with a fresh white tee.', 'published', 'seed', 'seed');
INSERT INTO product_images (product_id, url, sort_order) VALUES ('caps-007', 'assets/images/caps/caps-007.png', 0);
INSERT INTO product_sizes (product_id, size, sort_order) VALUES ('caps-007', 'One Size', 0);
INSERT INTO product_occasions (product_id, occasion, sort_order) VALUES ('caps-007', 'weekend', 0);
INSERT INTO product_occasions (product_id, occasion, sort_order) VALUES ('caps-007', 'casual', 1);
INSERT INTO product_badges (product_id, badge, sort_order) VALUES ('caps-007', 'signature', 0);

-- caps-008: K-LINE Burgundy Leather-Patch Cap
INSERT INTO products (id, name, category_id, price, color_name, color_hex, description, status, created_by, updated_by) VALUES ('caps-008', 'K-LINE Burgundy Leather-Patch Cap', (SELECT id FROM categories WHERE slug = 'caps'), 75000, 'Burgundy', '#6e1f29', 'Rich burgundy cotton with brown leather K-LINE patch — quietly distinctive against navy or charcoal.', 'published', 'seed', 'seed');
INSERT INTO product_images (product_id, url, sort_order) VALUES ('caps-008', 'assets/images/caps/caps-008.png', 0);
INSERT INTO product_sizes (product_id, size, sort_order) VALUES ('caps-008', 'One Size', 0);
INSERT INTO product_occasions (product_id, occasion, sort_order) VALUES ('caps-008', 'weekend', 0);
INSERT INTO product_occasions (product_id, occasion, sort_order) VALUES ('caps-008', 'smart-casual', 1);
INSERT INTO product_badges (product_id, badge, sort_order) VALUES ('caps-008', 'signature', 0);

-- caps-009: K-LINE Camel Corduroy Cap
INSERT INTO products (id, name, category_id, price, color_name, color_hex, description, status, created_by, updated_by) VALUES ('caps-009', 'K-LINE Camel Corduroy Cap', (SELECT id FROM categories WHERE slug = 'caps'), 85000, 'Camel', '#a07842', 'Camel corduroy 6-panel with leather K-LINE patch — texture and warmth in one piece.', 'published', 'seed', 'seed');
INSERT INTO product_images (product_id, url, sort_order) VALUES ('caps-009', 'assets/images/caps/caps-009.png', 0);
INSERT INTO product_sizes (product_id, size, sort_order) VALUES ('caps-009', 'One Size', 0);
INSERT INTO product_occasions (product_id, occasion, sort_order) VALUES ('caps-009', 'weekend', 0);
INSERT INTO product_occasions (product_id, occasion, sort_order) VALUES ('caps-009', 'smart-casual', 1);
INSERT INTO product_badges (product_id, badge, sort_order) VALUES ('caps-009', 'signature', 0);

-- caps-010: K-LINE Black Trucker Mesh Cap
INSERT INTO products (id, name, category_id, price, color_name, color_hex, description, status, created_by, updated_by) VALUES ('caps-010', 'K-LINE Black Trucker Mesh Cap', (SELECT id FROM categories WHERE slug = 'caps'), 75000, 'Black', '#0e0e10', 'Cotton front, mesh back, leather K-LINE patch — breathable for hotter days and runs.', 'published', 'seed', 'seed');
INSERT INTO product_images (product_id, url, sort_order) VALUES ('caps-010', 'assets/images/caps/caps-010.png', 0);
INSERT INTO product_sizes (product_id, size, sort_order) VALUES ('caps-010', 'One Size', 0);
INSERT INTO product_occasions (product_id, occasion, sort_order) VALUES ('caps-010', 'weekend', 0);
INSERT INTO product_occasions (product_id, occasion, sort_order) VALUES ('caps-010', 'sport', 1);
INSERT INTO product_badges (product_id, badge, sort_order) VALUES ('caps-010', 'signature', 0);

-- gym-001: Performance Crew Tee — Black
INSERT INTO products (id, name, category_id, price, color_name, color_hex, description, status, created_by, updated_by) VALUES ('gym-001', 'Performance Crew Tee — Black', (SELECT id FROM categories WHERE slug = 'gym'), 95000, 'Black', '#0e0e10', 'Moisture-wicking knit, slim athletic cut, flatlock seams — the everyday training tee.', 'published', 'seed', 'seed');
INSERT INTO product_images (product_id, url, sort_order) VALUES ('gym-001', 'assets/images/gym/gym-001.png', 0);
INSERT INTO product_sizes (product_id, size, sort_order) VALUES ('gym-001', 'S', 0);
INSERT INTO product_sizes (product_id, size, sort_order) VALUES ('gym-001', 'M', 1);
INSERT INTO product_sizes (product_id, size, sort_order) VALUES ('gym-001', 'L', 2);
INSERT INTO product_sizes (product_id, size, sort_order) VALUES ('gym-001', 'XL', 3);
INSERT INTO product_sizes (product_id, size, sort_order) VALUES ('gym-001', 'XXL', 4);
INSERT INTO product_occasions (product_id, occasion, sort_order) VALUES ('gym-001', 'sport', 0);
INSERT INTO product_occasions (product_id, occasion, sort_order) VALUES ('gym-001', 'weekend', 1);

-- gym-002: Performance Crew Tee — White
INSERT INTO products (id, name, category_id, price, color_name, color_hex, description, status, created_by, updated_by) VALUES ('gym-002', 'Performance Crew Tee — White', (SELECT id FROM categories WHERE slug = 'gym'), 95000, 'White', '#ffffff', 'Same dry-touch fabric as the black, in bright white — small apex logo on the chest.', 'published', 'seed', 'seed');
INSERT INTO product_images (product_id, url, sort_order) VALUES ('gym-002', 'assets/images/gym/gym-002.png', 0);
INSERT INTO product_sizes (product_id, size, sort_order) VALUES ('gym-002', 'S', 0);
INSERT INTO product_sizes (product_id, size, sort_order) VALUES ('gym-002', 'M', 1);
INSERT INTO product_sizes (product_id, size, sort_order) VALUES ('gym-002', 'L', 2);
INSERT INTO product_sizes (product_id, size, sort_order) VALUES ('gym-002', 'XL', 3);
INSERT INTO product_sizes (product_id, size, sort_order) VALUES ('gym-002', 'XXL', 4);
INSERT INTO product_occasions (product_id, occasion, sort_order) VALUES ('gym-002', 'sport', 0);
INSERT INTO product_occasions (product_id, occasion, sort_order) VALUES ('gym-002', 'weekend', 1);

-- gym-003: Charcoal Muscle Tank
INSERT INTO products (id, name, category_id, price, color_name, color_hex, description, status, created_by, updated_by) VALUES ('gym-003', 'Charcoal Muscle Tank', (SELECT id FROM categories WHERE slug = 'gym'), 85000, 'Charcoal', '#3a3d41', 'Heavyweight cotton-poly with dropped armholes — built for lifts, comfortable enough to wear after.', 'published', 'seed', 'seed');
INSERT INTO product_images (product_id, url, sort_order) VALUES ('gym-003', 'assets/images/gym/gym-003.png', 0);
INSERT INTO product_sizes (product_id, size, sort_order) VALUES ('gym-003', 'S', 0);
INSERT INTO product_sizes (product_id, size, sort_order) VALUES ('gym-003', 'M', 1);
INSERT INTO product_sizes (product_id, size, sort_order) VALUES ('gym-003', 'L', 2);
INSERT INTO product_sizes (product_id, size, sort_order) VALUES ('gym-003', 'XL', 3);
INSERT INTO product_sizes (product_id, size, sort_order) VALUES ('gym-003', 'XXL', 4);
INSERT INTO product_occasions (product_id, occasion, sort_order) VALUES ('gym-003', 'sport', 0);
INSERT INTO product_occasions (product_id, occasion, sort_order) VALUES ('gym-003', 'weekend', 1);

-- gym-004: Navy Performance Tank
INSERT INTO products (id, name, category_id, price, color_name, color_hex, description, status, created_by, updated_by) VALUES ('gym-004', 'Navy Performance Tank', (SELECT id FROM categories WHERE slug = 'gym'), 85000, 'Navy', '#1c2a44', 'Lightweight performance knit in navy, sleeveless cut — runs cool, dries fast.', 'published', 'seed', 'seed');
INSERT INTO product_images (product_id, url, sort_order) VALUES ('gym-004', 'assets/images/gym/gym-004.png', 0);
INSERT INTO product_sizes (product_id, size, sort_order) VALUES ('gym-004', 'S', 0);
INSERT INTO product_sizes (product_id, size, sort_order) VALUES ('gym-004', 'M', 1);
INSERT INTO product_sizes (product_id, size, sort_order) VALUES ('gym-004', 'L', 2);
INSERT INTO product_sizes (product_id, size, sort_order) VALUES ('gym-004', 'XL', 3);
INSERT INTO product_sizes (product_id, size, sort_order) VALUES ('gym-004', 'XXL', 4);
INSERT INTO product_occasions (product_id, occasion, sort_order) VALUES ('gym-004', 'sport', 0);
INSERT INTO product_occasions (product_id, occasion, sort_order) VALUES ('gym-004', 'weekend', 1);

-- gym-005: Black Stretch Training Shorts
INSERT INTO products (id, name, category_id, price, color_name, color_hex, description, status, created_by, updated_by) VALUES ('gym-005', 'Black Stretch Training Shorts', (SELECT id FROM categories WHERE slug = 'gym'), 130000, 'Black', '#0e0e10', 'Stretch woven shell, 5-inch inseam, drawcord waist, side mesh vents — built for the gym, not the gallery.', 'published', 'seed', 'seed');
INSERT INTO product_images (product_id, url, sort_order) VALUES ('gym-005', 'assets/images/gym/gym-005.png', 0);
INSERT INTO product_sizes (product_id, size, sort_order) VALUES ('gym-005', '30', 0);
INSERT INTO product_sizes (product_id, size, sort_order) VALUES ('gym-005', '32', 1);
INSERT INTO product_sizes (product_id, size, sort_order) VALUES ('gym-005', '34', 2);
INSERT INTO product_sizes (product_id, size, sort_order) VALUES ('gym-005', '36', 3);
INSERT INTO product_sizes (product_id, size, sort_order) VALUES ('gym-005', '38', 4);
INSERT INTO product_sizes (product_id, size, sort_order) VALUES ('gym-005', '40', 5);
INSERT INTO product_occasions (product_id, occasion, sort_order) VALUES ('gym-005', 'sport', 0);
INSERT INTO product_occasions (product_id, occasion, sort_order) VALUES ('gym-005', 'weekend', 1);

-- gym-006: Olive Zip-Pocket Training Shorts
INSERT INTO products (id, name, category_id, price, color_name, color_hex, description, status, created_by, updated_by) VALUES ('gym-006', 'Olive Zip-Pocket Training Shorts', (SELECT id FROM categories WHERE slug = 'gym'), 145000, 'Olive', '#5a6034', 'Lightweight olive shell, zipped pockets, 7-inch inseam — runner-leaning and key-friendly.', 'published', 'seed', 'seed');
INSERT INTO product_images (product_id, url, sort_order) VALUES ('gym-006', 'assets/images/gym/gym-006.png', 0);
INSERT INTO product_sizes (product_id, size, sort_order) VALUES ('gym-006', '30', 0);
INSERT INTO product_sizes (product_id, size, sort_order) VALUES ('gym-006', '32', 1);
INSERT INTO product_sizes (product_id, size, sort_order) VALUES ('gym-006', '34', 2);
INSERT INTO product_sizes (product_id, size, sort_order) VALUES ('gym-006', '36', 3);
INSERT INTO product_sizes (product_id, size, sort_order) VALUES ('gym-006', '38', 4);
INSERT INTO product_sizes (product_id, size, sort_order) VALUES ('gym-006', '40', 5);
INSERT INTO product_occasions (product_id, occasion, sort_order) VALUES ('gym-006', 'sport', 0);
INSERT INTO product_occasions (product_id, occasion, sort_order) VALUES ('gym-006', 'weekend', 1);

-- gym-007: Grey Marl Tapered Joggers
INSERT INTO products (id, name, category_id, price, color_name, color_hex, description, status, created_by, updated_by) VALUES ('gym-007', 'Grey Marl Tapered Joggers', (SELECT id FROM categories WHERE slug = 'gym'), 175000, 'Grey Marl', '#9a9a96', 'Soft fleece-back cotton, tapered leg, ribbed cuff — equally at home at the gym or the supermarket.', 'published', 'seed', 'seed');
INSERT INTO product_images (product_id, url, sort_order) VALUES ('gym-007', 'assets/images/gym/gym-007.png', 0);
INSERT INTO product_sizes (product_id, size, sort_order) VALUES ('gym-007', '30', 0);
INSERT INTO product_sizes (product_id, size, sort_order) VALUES ('gym-007', '32', 1);
INSERT INTO product_sizes (product_id, size, sort_order) VALUES ('gym-007', '34', 2);
INSERT INTO product_sizes (product_id, size, sort_order) VALUES ('gym-007', '36', 3);
INSERT INTO product_sizes (product_id, size, sort_order) VALUES ('gym-007', '38', 4);
INSERT INTO product_sizes (product_id, size, sort_order) VALUES ('gym-007', '40', 5);
INSERT INTO product_occasions (product_id, occasion, sort_order) VALUES ('gym-007', 'weekend', 0);
INSERT INTO product_occasions (product_id, occasion, sort_order) VALUES ('gym-007', 'sport', 1);

-- gym-008: Black Zip-Up Training Hoodie
INSERT INTO products (id, name, category_id, price, color_name, color_hex, description, status, created_by, updated_by) VALUES ('gym-008', 'Black Zip-Up Training Hoodie', (SELECT id FROM categories WHERE slug = 'gym'), 250000, 'Black', '#0e0e10', 'Performance fleece with stretch panels, zipped chest pocket, hooded — warm-up to commute, no swap needed.', 'published', 'seed', 'seed');
INSERT INTO product_images (product_id, url, sort_order) VALUES ('gym-008', 'assets/images/gym/gym-008.png', 0);
INSERT INTO product_sizes (product_id, size, sort_order) VALUES ('gym-008', 'S', 0);
INSERT INTO product_sizes (product_id, size, sort_order) VALUES ('gym-008', 'M', 1);
INSERT INTO product_sizes (product_id, size, sort_order) VALUES ('gym-008', 'L', 2);
INSERT INTO product_sizes (product_id, size, sort_order) VALUES ('gym-008', 'XL', 3);
INSERT INTO product_sizes (product_id, size, sort_order) VALUES ('gym-008', 'XXL', 4);
INSERT INTO product_occasions (product_id, occasion, sort_order) VALUES ('gym-008', 'weekend', 0);
INSERT INTO product_occasions (product_id, occasion, sort_order) VALUES ('gym-008', 'sport', 1);

-- gym-009: Triangle-Logo Gym Duffel
INSERT INTO products (id, name, category_id, price, color_name, color_hex, description, status, created_by, updated_by) VALUES ('gym-009', 'Triangle-Logo Gym Duffel', (SELECT id FROM categories WHERE slug = 'gym'), 250000, 'Black', '#0e0e10', 'Rugged poly canvas, padded shoulder strap, separated shoe pocket — fits everything for a session.', 'published', 'seed', 'seed');
INSERT INTO product_images (product_id, url, sort_order) VALUES ('gym-009', 'assets/images/gym/gym-009.png', 0);
INSERT INTO product_sizes (product_id, size, sort_order) VALUES ('gym-009', 'One Size', 0);
INSERT INTO product_occasions (product_id, occasion, sort_order) VALUES ('gym-009', 'sport', 0);
INSERT INTO product_occasions (product_id, occasion, sort_order) VALUES ('gym-009', 'everyday', 1);

-- gym-010: Performance No-Show Socks (2-pack)
INSERT INTO products (id, name, category_id, price, color_name, color_hex, description, status, created_by, updated_by) VALUES ('gym-010', 'Performance No-Show Socks (2-pack)', (SELECT id FROM categories WHERE slug = 'gym'), 35000, 'White', '#ffffff', 'Cushioned heel and toe, mesh ventilation, low-cut profile — pair with trainers, disappear in the shoe.', 'published', 'seed', 'seed');
INSERT INTO product_images (product_id, url, sort_order) VALUES ('gym-010', 'assets/images/gym/gym-010.png', 0);
INSERT INTO product_sizes (product_id, size, sort_order) VALUES ('gym-010', 'One Size', 0);
INSERT INTO product_occasions (product_id, occasion, sort_order) VALUES ('gym-010', 'sport', 0);
INSERT INTO product_occasions (product_id, occasion, sort_order) VALUES ('gym-010', 'everyday', 1);

-- gym-011: K-LINE Performance Tee — Black
INSERT INTO products (id, name, category_id, price, color_name, color_hex, description, status, created_by, updated_by) VALUES ('gym-011', 'K-LINE Performance Tee — Black', (SELECT id FROM categories WHERE slug = 'gym'), 110000, 'Black', '#0e0e10', 'The K-LINE Performance crew: branded inner collar, embroidered K, tighter athletic cut.', 'published', 'seed', 'seed');
INSERT INTO product_images (product_id, url, sort_order) VALUES ('gym-011', 'assets/images/gym/gym-011.png', 0);
INSERT INTO product_sizes (product_id, size, sort_order) VALUES ('gym-011', 'S', 0);
INSERT INTO product_sizes (product_id, size, sort_order) VALUES ('gym-011', 'M', 1);
INSERT INTO product_sizes (product_id, size, sort_order) VALUES ('gym-011', 'L', 2);
INSERT INTO product_sizes (product_id, size, sort_order) VALUES ('gym-011', 'XL', 3);
INSERT INTO product_sizes (product_id, size, sort_order) VALUES ('gym-011', 'XXL', 4);
INSERT INTO product_occasions (product_id, occasion, sort_order) VALUES ('gym-011', 'sport', 0);
INSERT INTO product_occasions (product_id, occasion, sort_order) VALUES ('gym-011', 'weekend', 1);
INSERT INTO product_badges (product_id, badge, sort_order) VALUES ('gym-011', 'signature', 0);
INSERT INTO product_badges (product_id, badge, sort_order) VALUES ('gym-011', 'new', 1);

-- gym-012: K-LINE Performance Tee — Navy
INSERT INTO products (id, name, category_id, price, color_name, color_hex, description, status, created_by, updated_by) VALUES ('gym-012', 'K-LINE Performance Tee — Navy', (SELECT id FROM categories WHERE slug = 'gym'), 110000, 'Navy', '#1c2a44', 'Navy K-LINE Performance crew with chest-side embroidered K and woven inner label.', 'published', 'seed', 'seed');
INSERT INTO product_images (product_id, url, sort_order) VALUES ('gym-012', 'assets/images/gym/gym-012.png', 0);
INSERT INTO product_sizes (product_id, size, sort_order) VALUES ('gym-012', 'S', 0);
INSERT INTO product_sizes (product_id, size, sort_order) VALUES ('gym-012', 'M', 1);
INSERT INTO product_sizes (product_id, size, sort_order) VALUES ('gym-012', 'L', 2);
INSERT INTO product_sizes (product_id, size, sort_order) VALUES ('gym-012', 'XL', 3);
INSERT INTO product_sizes (product_id, size, sort_order) VALUES ('gym-012', 'XXL', 4);
INSERT INTO product_occasions (product_id, occasion, sort_order) VALUES ('gym-012', 'sport', 0);
INSERT INTO product_occasions (product_id, occasion, sort_order) VALUES ('gym-012', 'weekend', 1);
INSERT INTO product_badges (product_id, badge, sort_order) VALUES ('gym-012', 'signature', 0);

-- gym-013: K-LINE Black Performance Tank
INSERT INTO products (id, name, category_id, price, color_name, color_hex, description, status, created_by, updated_by) VALUES ('gym-013', 'K-LINE Black Performance Tank', (SELECT id FROM categories WHERE slug = 'gym'), 95000, 'Black', '#0e0e10', 'Branded muscle tank in jet black with embroidered K — same fabric as the performance tee.', 'published', 'seed', 'seed');
INSERT INTO product_images (product_id, url, sort_order) VALUES ('gym-013', 'assets/images/gym/gym-013.png', 0);
INSERT INTO product_sizes (product_id, size, sort_order) VALUES ('gym-013', 'S', 0);
INSERT INTO product_sizes (product_id, size, sort_order) VALUES ('gym-013', 'M', 1);
INSERT INTO product_sizes (product_id, size, sort_order) VALUES ('gym-013', 'L', 2);
INSERT INTO product_sizes (product_id, size, sort_order) VALUES ('gym-013', 'XL', 3);
INSERT INTO product_sizes (product_id, size, sort_order) VALUES ('gym-013', 'XXL', 4);
INSERT INTO product_occasions (product_id, occasion, sort_order) VALUES ('gym-013', 'sport', 0);
INSERT INTO product_occasions (product_id, occasion, sort_order) VALUES ('gym-013', 'weekend', 1);
INSERT INTO product_badges (product_id, badge, sort_order) VALUES ('gym-013', 'signature', 0);

-- gym-014: K-LINE Black Training Shorts
INSERT INTO products (id, name, category_id, price, color_name, color_hex, description, status, created_by, updated_by) VALUES ('gym-014', 'K-LINE Black Training Shorts', (SELECT id FROM categories WHERE slug = 'gym'), 145000, 'Black', '#0e0e10', 'Stretch-woven training short with K-LINE wordmark on the hem and a subtle K on the waistband.', 'published', 'seed', 'seed');
INSERT INTO product_images (product_id, url, sort_order) VALUES ('gym-014', 'assets/images/gym/gym-014.png', 0);
INSERT INTO product_sizes (product_id, size, sort_order) VALUES ('gym-014', '30', 0);
INSERT INTO product_sizes (product_id, size, sort_order) VALUES ('gym-014', '32', 1);
INSERT INTO product_sizes (product_id, size, sort_order) VALUES ('gym-014', '34', 2);
INSERT INTO product_sizes (product_id, size, sort_order) VALUES ('gym-014', '36', 3);
INSERT INTO product_sizes (product_id, size, sort_order) VALUES ('gym-014', '38', 4);
INSERT INTO product_sizes (product_id, size, sort_order) VALUES ('gym-014', '40', 5);
INSERT INTO product_occasions (product_id, occasion, sort_order) VALUES ('gym-014', 'sport', 0);
INSERT INTO product_occasions (product_id, occasion, sort_order) VALUES ('gym-014', 'weekend', 1);
INSERT INTO product_badges (product_id, badge, sort_order) VALUES ('gym-014', 'signature', 0);
INSERT INTO product_badges (product_id, badge, sort_order) VALUES ('gym-014', 'new', 1);

-- gym-015: K-LINE Navy Training Shorts
INSERT INTO products (id, name, category_id, price, color_name, color_hex, description, status, created_by, updated_by) VALUES ('gym-015', 'K-LINE Navy Training Shorts', (SELECT id FROM categories WHERE slug = 'gym'), 145000, 'Navy', '#1c2a44', 'Navy K-LINE training short with zipped pocket, K logo on the leg, drawcord waist.', 'published', 'seed', 'seed');
INSERT INTO product_images (product_id, url, sort_order) VALUES ('gym-015', 'assets/images/gym/gym-015.png', 0);
INSERT INTO product_sizes (product_id, size, sort_order) VALUES ('gym-015', '30', 0);
INSERT INTO product_sizes (product_id, size, sort_order) VALUES ('gym-015', '32', 1);
INSERT INTO product_sizes (product_id, size, sort_order) VALUES ('gym-015', '34', 2);
INSERT INTO product_sizes (product_id, size, sort_order) VALUES ('gym-015', '36', 3);
INSERT INTO product_sizes (product_id, size, sort_order) VALUES ('gym-015', '38', 4);
INSERT INTO product_sizes (product_id, size, sort_order) VALUES ('gym-015', '40', 5);
INSERT INTO product_occasions (product_id, occasion, sort_order) VALUES ('gym-015', 'sport', 0);
INSERT INTO product_occasions (product_id, occasion, sort_order) VALUES ('gym-015', 'weekend', 1);
INSERT INTO product_badges (product_id, badge, sort_order) VALUES ('gym-015', 'signature', 0);

-- gym-016: K-LINE Black Tapered Joggers
INSERT INTO products (id, name, category_id, price, color_name, color_hex, description, status, created_by, updated_by) VALUES ('gym-016', 'K-LINE Black Tapered Joggers', (SELECT id FROM categories WHERE slug = 'gym'), 195000, 'Black', '#0e0e10', 'Heavyweight K-LINE jogger in black, embroidered K, ribbed cuff — softer than gym-007, dressier too.', 'published', 'seed', 'seed');
INSERT INTO product_images (product_id, url, sort_order) VALUES ('gym-016', 'assets/images/gym/gym-016.png', 0);
INSERT INTO product_sizes (product_id, size, sort_order) VALUES ('gym-016', '30', 0);
INSERT INTO product_sizes (product_id, size, sort_order) VALUES ('gym-016', '32', 1);
INSERT INTO product_sizes (product_id, size, sort_order) VALUES ('gym-016', '34', 2);
INSERT INTO product_sizes (product_id, size, sort_order) VALUES ('gym-016', '36', 3);
INSERT INTO product_sizes (product_id, size, sort_order) VALUES ('gym-016', '38', 4);
INSERT INTO product_sizes (product_id, size, sort_order) VALUES ('gym-016', '40', 5);
INSERT INTO product_occasions (product_id, occasion, sort_order) VALUES ('gym-016', 'weekend', 0);
INSERT INTO product_occasions (product_id, occasion, sort_order) VALUES ('gym-016', 'sport', 1);
INSERT INTO product_badges (product_id, badge, sort_order) VALUES ('gym-016', 'signature', 0);

-- gym-017: K-LINE Black Performance Hoodie
INSERT INTO products (id, name, category_id, price, color_name, color_hex, description, status, created_by, updated_by) VALUES ('gym-017', 'K-LINE Black Performance Hoodie', (SELECT id FROM categories WHERE slug = 'gym'), 280000, 'Black', '#0e0e10', 'Heavyweight K-LINE zip hoodie, branded chest, lined hood, zipped side pockets — the after-gym staple.', 'published', 'seed', 'seed');
INSERT INTO product_images (product_id, url, sort_order) VALUES ('gym-017', 'assets/images/gym/gym-017.png', 0);
INSERT INTO product_sizes (product_id, size, sort_order) VALUES ('gym-017', 'S', 0);
INSERT INTO product_sizes (product_id, size, sort_order) VALUES ('gym-017', 'M', 1);
INSERT INTO product_sizes (product_id, size, sort_order) VALUES ('gym-017', 'L', 2);
INSERT INTO product_sizes (product_id, size, sort_order) VALUES ('gym-017', 'XL', 3);
INSERT INTO product_sizes (product_id, size, sort_order) VALUES ('gym-017', 'XXL', 4);
INSERT INTO product_occasions (product_id, occasion, sort_order) VALUES ('gym-017', 'weekend', 0);
INSERT INTO product_occasions (product_id, occasion, sort_order) VALUES ('gym-017', 'sport', 1);
INSERT INTO product_badges (product_id, badge, sort_order) VALUES ('gym-017', 'signature', 0);
INSERT INTO product_badges (product_id, badge, sort_order) VALUES ('gym-017', 'new', 1);

-- gym-018: K-LINE Navy Track Jacket
INSERT INTO products (id, name, category_id, price, color_name, color_hex, description, status, created_by, updated_by) VALUES ('gym-018', 'K-LINE Navy Track Jacket', (SELECT id FROM categories WHERE slug = 'gym'), 250000, 'Navy', '#1c2a44', 'Stand-collar K-LINE track jacket in navy, embroidered K, performance fleece — clean, dressier than a hoodie.', 'published', 'seed', 'seed');
INSERT INTO product_images (product_id, url, sort_order) VALUES ('gym-018', 'assets/images/gym/gym-018.png', 0);
INSERT INTO product_sizes (product_id, size, sort_order) VALUES ('gym-018', 'S', 0);
INSERT INTO product_sizes (product_id, size, sort_order) VALUES ('gym-018', 'M', 1);
INSERT INTO product_sizes (product_id, size, sort_order) VALUES ('gym-018', 'L', 2);
INSERT INTO product_sizes (product_id, size, sort_order) VALUES ('gym-018', 'XL', 3);
INSERT INTO product_sizes (product_id, size, sort_order) VALUES ('gym-018', 'XXL', 4);
INSERT INTO product_occasions (product_id, occasion, sort_order) VALUES ('gym-018', 'weekend', 0);
INSERT INTO product_occasions (product_id, occasion, sort_order) VALUES ('gym-018', 'sport', 1);
INSERT INTO product_badges (product_id, badge, sort_order) VALUES ('gym-018', 'signature', 0);

-- gym-019: K-LINE Branded Holdall
INSERT INTO products (id, name, category_id, price, color_name, color_hex, description, status, created_by, updated_by) VALUES ('gym-019', 'K-LINE Branded Holdall', (SELECT id FROM categories WHERE slug = 'gym'), 295000, 'Black', '#0e0e10', 'Larger K-LINE branded duffel with embroidered wordmark, reinforced base, padded strap.', 'published', 'seed', 'seed');
INSERT INTO product_images (product_id, url, sort_order) VALUES ('gym-019', 'assets/images/gym/gym-019.png', 0);
INSERT INTO product_sizes (product_id, size, sort_order) VALUES ('gym-019', 'One Size', 0);
INSERT INTO product_occasions (product_id, occasion, sort_order) VALUES ('gym-019', 'sport', 0);
INSERT INTO product_occasions (product_id, occasion, sort_order) VALUES ('gym-019', 'everyday', 1);
INSERT INTO product_badges (product_id, badge, sort_order) VALUES ('gym-019', 'signature', 0);

-- gym-020: K-LINE Performance Ankle Socks
INSERT INTO products (id, name, category_id, price, color_name, color_hex, description, status, created_by, updated_by) VALUES ('gym-020', 'K-LINE Performance Ankle Socks', (SELECT id FROM categories WHERE slug = 'gym'), 45000, 'Black', '#0e0e10', 'K-LINE branded no-show with cushioned heel and grey ventilation panel — for the trainers.', 'published', 'seed', 'seed');
INSERT INTO product_images (product_id, url, sort_order) VALUES ('gym-020', 'assets/images/gym/gym-020.png', 0);
INSERT INTO product_sizes (product_id, size, sort_order) VALUES ('gym-020', 'One Size', 0);
INSERT INTO product_occasions (product_id, occasion, sort_order) VALUES ('gym-020', 'sport', 0);
INSERT INTO product_occasions (product_id, occasion, sort_order) VALUES ('gym-020', 'everyday', 1);
INSERT INTO product_badges (product_id, badge, sort_order) VALUES ('gym-020', 'signature', 0);

-- sunglasses-001: Matte Black Sport Rectangle
INSERT INTO products (id, name, category_id, price, color_name, color_hex, description, status, created_by, updated_by) VALUES ('sunglasses-001', 'Matte Black Sport Rectangle', (SELECT id FROM categories WHERE slug = 'sunglasses'), 135000, 'Matte Black', '#0e0e10', 'Lightweight matte black plastic, slightly wrapped for the cheekbones, polarised dark lenses — durable and athletic.', 'published', 'seed', 'seed');
INSERT INTO product_images (product_id, url, sort_order) VALUES ('sunglasses-001', 'assets/images/sunglasses/sunglasses-001.png', 0);
INSERT INTO product_sizes (product_id, size, sort_order) VALUES ('sunglasses-001', 'One Size', 0);
INSERT INTO product_occasions (product_id, occasion, sort_order) VALUES ('sunglasses-001', 'weekend', 0);
INSERT INTO product_occasions (product_id, occasion, sort_order) VALUES ('sunglasses-001', 'sport', 1);

-- sunglasses-002: Tortoise Wayfarer
INSERT INTO products (id, name, category_id, price, color_name, color_hex, description, status, created_by, updated_by) VALUES ('sunglasses-002', 'Tortoise Wayfarer', (SELECT id FROM categories WHERE slug = 'sunglasses'), 165000, 'Havana', '#5a3a22', 'Italian havana acetate, classic wayfarer shape, dark grey lenses — the pair you reach for when in doubt.', 'published', 'seed', 'seed');
INSERT INTO product_images (product_id, url, sort_order) VALUES ('sunglasses-002', 'assets/images/sunglasses/sunglasses-002.png', 0);
INSERT INTO product_sizes (product_id, size, sort_order) VALUES ('sunglasses-002', 'One Size', 0);
INSERT INTO product_occasions (product_id, occasion, sort_order) VALUES ('sunglasses-002', 'weekend', 0);
INSERT INTO product_occasions (product_id, occasion, sort_order) VALUES ('sunglasses-002', 'smart-casual', 1);
INSERT INTO product_badges (product_id, badge, sort_order) VALUES ('sunglasses-002', 'new', 0);

-- sunglasses-003: Silver Aviator
INSERT INTO products (id, name, category_id, price, color_name, color_hex, description, status, created_by, updated_by) VALUES ('sunglasses-003', 'Silver Aviator', (SELECT id FROM categories WHERE slug = 'sunglasses'), 175000, 'Silver', '#c8c8c8', 'Polished silver metal frame, mirror lenses, classic teardrop — the original, still working.', 'published', 'seed', 'seed');
INSERT INTO product_images (product_id, url, sort_order) VALUES ('sunglasses-003', 'assets/images/sunglasses/sunglasses-003.png', 0);
INSERT INTO product_sizes (product_id, size, sort_order) VALUES ('sunglasses-003', 'One Size', 0);
INSERT INTO product_occasions (product_id, occasion, sort_order) VALUES ('sunglasses-003', 'weekend', 0);
INSERT INTO product_occasions (product_id, occasion, sort_order) VALUES ('sunglasses-003', 'smart-casual', 1);

-- sunglasses-004: Gunmetal Round
INSERT INTO products (id, name, category_id, price, color_name, color_hex, description, status, created_by, updated_by) VALUES ('sunglasses-004', 'Gunmetal Round', (SELECT id FROM categories WHERE slug = 'sunglasses'), 155000, 'Gunmetal', '#4a4d52', 'Slim gunmetal frame, dark smoked lenses — Lennon-leaning, quietly distinctive.', 'published', 'seed', 'seed');
INSERT INTO product_images (product_id, url, sort_order) VALUES ('sunglasses-004', 'assets/images/sunglasses/sunglasses-004.png', 0);
INSERT INTO product_sizes (product_id, size, sort_order) VALUES ('sunglasses-004', 'One Size', 0);
INSERT INTO product_occasions (product_id, occasion, sort_order) VALUES ('sunglasses-004', 'weekend', 0);
INSERT INTO product_occasions (product_id, occasion, sort_order) VALUES ('sunglasses-004', 'smart-casual', 1);

-- sunglasses-005: Honey D-Frame
INSERT INTO products (id, name, category_id, price, color_name, color_hex, description, status, created_by, updated_by) VALUES ('sunglasses-005', 'Honey D-Frame', (SELECT id FROM categories WHERE slug = 'sunglasses'), 175000, 'Honey', '#a4732d', 'Translucent honey acetate, gradient brown lenses — warm-toned alternative to tortoise.', 'published', 'seed', 'seed');
INSERT INTO product_images (product_id, url, sort_order) VALUES ('sunglasses-005', 'assets/images/sunglasses/sunglasses-005.png', 0);
INSERT INTO product_sizes (product_id, size, sort_order) VALUES ('sunglasses-005', 'One Size', 0);
INSERT INTO product_occasions (product_id, occasion, sort_order) VALUES ('sunglasses-005', 'weekend', 0);
INSERT INTO product_occasions (product_id, occasion, sort_order) VALUES ('sunglasses-005', 'smart-casual', 1);

-- sunglasses-006: Crystal Square
INSERT INTO products (id, name, category_id, price, color_name, color_hex, description, status, created_by, updated_by) VALUES ('sunglasses-006', 'Crystal Square', (SELECT id FROM categories WHERE slug = 'sunglasses'), 165000, 'Crystal', '#d8d8d8', 'Clear acetate frame, smoked grey lenses — modern, photographs especially well.', 'published', 'seed', 'seed');
INSERT INTO product_images (product_id, url, sort_order) VALUES ('sunglasses-006', 'assets/images/sunglasses/sunglasses-006.png', 0);
INSERT INTO product_sizes (product_id, size, sort_order) VALUES ('sunglasses-006', 'One Size', 0);
INSERT INTO product_occasions (product_id, occasion, sort_order) VALUES ('sunglasses-006', 'weekend', 0);
INSERT INTO product_occasions (product_id, occasion, sort_order) VALUES ('sunglasses-006', 'smart-casual', 1);

-- sunglasses-007: Black Sport Shield
INSERT INTO products (id, name, category_id, price, color_name, color_hex, description, status, created_by, updated_by) VALUES ('sunglasses-007', 'Black Sport Shield', (SELECT id FROM categories WHERE slug = 'sunglasses'), 195000, 'Black', '#0e0e10', 'Single-lens wraparound shield with rubberised nose pad — for running, cycling, and hot-day commutes.', 'published', 'seed', 'seed');
INSERT INTO product_images (product_id, url, sort_order) VALUES ('sunglasses-007', 'assets/images/sunglasses/sunglasses-007.png', 0);
INSERT INTO product_sizes (product_id, size, sort_order) VALUES ('sunglasses-007', 'One Size', 0);
INSERT INTO product_occasions (product_id, occasion, sort_order) VALUES ('sunglasses-007', 'sport', 0);
INSERT INTO product_occasions (product_id, occasion, sort_order) VALUES ('sunglasses-007', 'weekend', 1);

-- sunglasses-008: Black Square Gold-Temple
INSERT INTO products (id, name, category_id, price, color_name, color_hex, description, status, created_by, updated_by) VALUES ('sunglasses-008', 'Black Square Gold-Temple', (SELECT id FROM categories WHERE slug = 'sunglasses'), 195000, 'Black/Gold', '#0e0e10', 'Glossy black acetate with brushed gold metal accent on the temples — dressier without going loud.', 'published', 'seed', 'seed');
INSERT INTO product_images (product_id, url, sort_order) VALUES ('sunglasses-008', 'assets/images/sunglasses/sunglasses-008.png', 0);
INSERT INTO product_sizes (product_id, size, sort_order) VALUES ('sunglasses-008', 'One Size', 0);
INSERT INTO product_occasions (product_id, occasion, sort_order) VALUES ('sunglasses-008', 'event', 0);
INSERT INTO product_occasions (product_id, occasion, sort_order) VALUES ('sunglasses-008', 'smart-casual', 1);

-- sunglasses-009: Navy Wayfarer
INSERT INTO products (id, name, category_id, price, color_name, color_hex, description, status, created_by, updated_by) VALUES ('sunglasses-009', 'Navy Wayfarer', (SELECT id FROM categories WHERE slug = 'sunglasses'), 165000, 'Navy', '#1c2a44', 'Matte navy acetate in the wayfarer shape — fresh take on the classic, pairs especially with denim.', 'published', 'seed', 'seed');
INSERT INTO product_images (product_id, url, sort_order) VALUES ('sunglasses-009', 'assets/images/sunglasses/sunglasses-009.png', 0);
INSERT INTO product_sizes (product_id, size, sort_order) VALUES ('sunglasses-009', 'One Size', 0);
INSERT INTO product_occasions (product_id, occasion, sort_order) VALUES ('sunglasses-009', 'weekend', 0);
INSERT INTO product_occasions (product_id, occasion, sort_order) VALUES ('sunglasses-009', 'smart-casual', 1);

-- sunglasses-010: Brushed Gold Hex Aviator
INSERT INTO products (id, name, category_id, price, color_name, color_hex, description, status, created_by, updated_by) VALUES ('sunglasses-010', 'Brushed Gold Hex Aviator', (SELECT id FROM categories WHERE slug = 'sunglasses'), 285000, 'Brushed Gold', '#b89a64', 'Double-bridge hexagonal frame in brushed gold, brown gradient lenses — the statement aviator.', 'published', 'seed', 'seed');
INSERT INTO product_images (product_id, url, sort_order) VALUES ('sunglasses-010', 'assets/images/sunglasses/sunglasses-010.png', 0);
INSERT INTO product_sizes (product_id, size, sort_order) VALUES ('sunglasses-010', 'One Size', 0);
INSERT INTO product_occasions (product_id, occasion, sort_order) VALUES ('sunglasses-010', 'event', 0);
INSERT INTO product_occasions (product_id, occasion, sort_order) VALUES ('sunglasses-010', 'smart-casual', 1);
INSERT INTO product_badges (product_id, badge, sort_order) VALUES ('sunglasses-010', 'new', 0);

-- watches-001: K-LINE Premium Automatic — Two-Tone
INSERT INTO products (id, name, category_id, price, color_name, color_hex, description, status, created_by, updated_by) VALUES ('watches-001', 'K-LINE Premium Automatic — Two-Tone', (SELECT id FROM categories WHERE slug = 'watches'), 425000, 'Two-Tone Navy', '#202a4a', 'Stainless steel and rose-gold bracelet, navy sunray dial, applied K-LINE indices — automatic movement.', 'published', 'seed', 'seed');
INSERT INTO product_images (product_id, url, sort_order) VALUES ('watches-001', 'assets/images/watches/watches-001.png', 0);
INSERT INTO product_sizes (product_id, size, sort_order) VALUES ('watches-001', 'One Size', 0);
INSERT INTO product_occasions (product_id, occasion, sort_order) VALUES ('watches-001', 'work', 0);
INSERT INTO product_occasions (product_id, occasion, sort_order) VALUES ('watches-001', 'event', 1);
INSERT INTO product_occasions (product_id, occasion, sort_order) VALUES ('watches-001', 'formal', 2);
INSERT INTO product_badges (product_id, badge, sort_order) VALUES ('watches-001', 'signature', 0);
INSERT INTO product_badges (product_id, badge, sort_order) VALUES ('watches-001', 'bestseller', 1);

-- watches-002: K-LINE Premium Automatic — Black
INSERT INTO products (id, name, category_id, price, color_name, color_hex, description, status, created_by, updated_by) VALUES ('watches-002', 'K-LINE Premium Automatic — Black', (SELECT id FROM categories WHERE slug = 'watches'), 395000, 'Black Leather', '#15151a', 'Stainless steel case on a black croc-embossed strap, jet-black dial, K-LINE applied logo — automatic.', 'published', 'seed', 'seed');
INSERT INTO product_images (product_id, url, sort_order) VALUES ('watches-002', 'assets/images/watches/watches-002.png', 0);
INSERT INTO product_sizes (product_id, size, sort_order) VALUES ('watches-002', 'One Size', 0);
INSERT INTO product_occasions (product_id, occasion, sort_order) VALUES ('watches-002', 'work', 0);
INSERT INTO product_occasions (product_id, occasion, sort_order) VALUES ('watches-002', 'event', 1);
INSERT INTO product_occasions (product_id, occasion, sort_order) VALUES ('watches-002', 'formal', 2);
INSERT INTO product_badges (product_id, badge, sort_order) VALUES ('watches-002', 'signature', 0);

-- watches-003: Steel Minimalist
INSERT INTO products (id, name, category_id, price, color_name, color_hex, description, status, created_by, updated_by) VALUES ('watches-003', 'Steel Minimalist', (SELECT id FROM categories WHERE slug = 'watches'), 320000, 'Silver', '#c8c8c8', 'Polished steel bracelet, white minimal dial, slim case — the watch that disappears under any cuff.', 'published', 'seed', 'seed');
INSERT INTO product_images (product_id, url, sort_order) VALUES ('watches-003', 'assets/images/watches/watches-003.png', 0);
INSERT INTO product_sizes (product_id, size, sort_order) VALUES ('watches-003', 'One Size', 0);
INSERT INTO product_occasions (product_id, occasion, sort_order) VALUES ('watches-003', 'work', 0);
INSERT INTO product_occasions (product_id, occasion, sort_order) VALUES ('watches-003', 'smart-casual', 1);

-- watches-004: Steel Sport Chronograph
INSERT INTO products (id, name, category_id, price, color_name, color_hex, description, status, created_by, updated_by) VALUES ('watches-004', 'Steel Sport Chronograph', (SELECT id FROM categories WHERE slug = 'watches'), 485000, 'Black/Silver', '#1a1a1c', 'Three-counter chronograph, black dial with silver indices, steel bracelet — sporty without going loud.', 'published', 'seed', 'seed');
INSERT INTO product_images (product_id, url, sort_order) VALUES ('watches-004', 'assets/images/watches/watches-004.png', 0);
INSERT INTO product_sizes (product_id, size, sort_order) VALUES ('watches-004', 'One Size', 0);
INSERT INTO product_occasions (product_id, occasion, sort_order) VALUES ('watches-004', 'weekend', 0);
INSERT INTO product_occasions (product_id, occasion, sort_order) VALUES ('watches-004', 'smart-casual', 1);

-- watches-005: Navy Dial Leather
INSERT INTO products (id, name, category_id, price, color_name, color_hex, description, status, created_by, updated_by) VALUES ('watches-005', 'Navy Dial Leather', (SELECT id FROM categories WHERE slug = 'watches'), 295000, 'Navy/Brown', '#1f2c4d', 'Steel case on a brown leather strap, navy minimal dial — the dressy-casual everyday.', 'published', 'seed', 'seed');
INSERT INTO product_images (product_id, url, sort_order) VALUES ('watches-005', 'assets/images/watches/watches-005.png', 0);
INSERT INTO product_sizes (product_id, size, sort_order) VALUES ('watches-005', 'One Size', 0);
INSERT INTO product_occasions (product_id, occasion, sort_order) VALUES ('watches-005', 'work', 0);
INSERT INTO product_occasions (product_id, occasion, sort_order) VALUES ('watches-005', 'smart-casual', 1);

-- watches-006: Gold Dress Watch
INSERT INTO products (id, name, category_id, price, color_name, color_hex, description, status, created_by, updated_by) VALUES ('watches-006', 'Gold Dress Watch', (SELECT id FROM categories WHERE slug = 'watches'), 365000, 'Gold/Brown', '#a87930', 'Yellow-gold case, brown croc strap, champagne dial — for occasions that ask for warmth, not flash.', 'published', 'seed', 'seed');
INSERT INTO product_images (product_id, url, sort_order) VALUES ('watches-006', 'assets/images/watches/watches-006.png', 0);
INSERT INTO product_sizes (product_id, size, sort_order) VALUES ('watches-006', 'One Size', 0);
INSERT INTO product_occasions (product_id, occasion, sort_order) VALUES ('watches-006', 'event', 0);
INSERT INTO product_occasions (product_id, occasion, sort_order) VALUES ('watches-006', 'formal', 1);

-- watches-007: Stealth All-Black
INSERT INTO products (id, name, category_id, price, color_name, color_hex, description, status, created_by, updated_by) VALUES ('watches-007', 'Stealth All-Black', (SELECT id FROM categories WHERE slug = 'watches'), 345000, 'Black', '#0e0e10', 'PVD-black bracelet, all-black dial, blacked-out indices — quietly assertive.', 'published', 'seed', 'seed');
INSERT INTO product_images (product_id, url, sort_order) VALUES ('watches-007', 'assets/images/watches/watches-007.png', 0);
INSERT INTO product_sizes (product_id, size, sort_order) VALUES ('watches-007', 'One Size', 0);
INSERT INTO product_occasions (product_id, occasion, sort_order) VALUES ('watches-007', 'weekend', 0);
INSERT INTO product_occasions (product_id, occasion, sort_order) VALUES ('watches-007', 'smart-casual', 1);

-- watches-008: Steel Diver — Green
INSERT INTO products (id, name, category_id, price, color_name, color_hex, description, status, created_by, updated_by) VALUES ('watches-008', 'Steel Diver — Green', (SELECT id FROM categories WHERE slug = 'watches'), 525000, 'Green', '#1f4a2a', 'Green sunray dial, ceramic-look bezel, steel oyster bracelet — the dive watch you wear past the beach.', 'published', 'seed', 'seed');
INSERT INTO product_images (product_id, url, sort_order) VALUES ('watches-008', 'assets/images/watches/watches-008.png', 0);
INSERT INTO product_sizes (product_id, size, sort_order) VALUES ('watches-008', 'One Size', 0);
INSERT INTO product_occasions (product_id, occasion, sort_order) VALUES ('watches-008', 'weekend', 0);
INSERT INTO product_occasions (product_id, occasion, sort_order) VALUES ('watches-008', 'smart-casual', 1);
INSERT INTO product_badges (product_id, badge, sort_order) VALUES ('watches-008', 'new', 0);

-- watches-009: Skeleton Dress
INSERT INTO products (id, name, category_id, price, color_name, color_hex, description, status, created_by, updated_by) VALUES ('watches-009', 'Skeleton Dress', (SELECT id FROM categories WHERE slug = 'watches'), 650000, 'Steel/Black', '#15151a', 'Exposed mechanical movement, polished steel case, black croc strap — horology you wear, not just admire.', 'published', 'seed', 'seed');
INSERT INTO product_images (product_id, url, sort_order) VALUES ('watches-009', 'assets/images/watches/watches-009.png', 0);
INSERT INTO product_sizes (product_id, size, sort_order) VALUES ('watches-009', 'One Size', 0);
INSERT INTO product_occasions (product_id, occasion, sort_order) VALUES ('watches-009', 'event', 0);
INSERT INTO product_occasions (product_id, occasion, sort_order) VALUES ('watches-009', 'formal', 1);
INSERT INTO product_badges (product_id, badge, sort_order) VALUES ('watches-009', 'new', 0);

-- watches-010: Rose Gold Dress
INSERT INTO products (id, name, category_id, price, color_name, color_hex, description, status, created_by, updated_by) VALUES ('watches-010', 'Rose Gold Dress', (SELECT id FROM categories WHERE slug = 'watches'), 395000, 'Rose Gold', '#b07a52', 'Rose-gold case, black croc strap, black dial with rose-gold indices — warm, dressy, distinctive.', 'published', 'seed', 'seed');
INSERT INTO product_images (product_id, url, sort_order) VALUES ('watches-010', 'assets/images/watches/watches-010.png', 0);
INSERT INTO product_sizes (product_id, size, sort_order) VALUES ('watches-010', 'One Size', 0);
INSERT INTO product_occasions (product_id, occasion, sort_order) VALUES ('watches-010', 'event', 0);
INSERT INTO product_occasions (product_id, occasion, sort_order) VALUES ('watches-010', 'formal', 1);

-- watches-011: Steel Integrated Sport
INSERT INTO products (id, name, category_id, price, color_name, color_hex, description, status, created_by, updated_by) VALUES ('watches-011', 'Steel Integrated Sport', (SELECT id FROM categories WHERE slug = 'watches'), 495000, 'Ice Blue', '#a8c8d8', 'Integrated steel bracelet, ice-blue sunray dial, slim case — the modern sport-casual silhouette.', 'published', 'seed', 'seed');
INSERT INTO product_images (product_id, url, sort_order) VALUES ('watches-011', 'assets/images/watches/watches-011.png', 0);
INSERT INTO product_sizes (product_id, size, sort_order) VALUES ('watches-011', 'One Size', 0);
INSERT INTO product_occasions (product_id, occasion, sort_order) VALUES ('watches-011', 'smart-casual', 0);
INSERT INTO product_occasions (product_id, occasion, sort_order) VALUES ('watches-011', 'weekend', 1);

-- watches-012: Field Watch — Tan
INSERT INTO products (id, name, category_id, price, color_name, color_hex, description, status, created_by, updated_by) VALUES ('watches-012', 'Field Watch — Tan', (SELECT id FROM categories WHERE slug = 'watches'), 285000, 'Cream/Tan', '#e8d8b6', 'Steel case, tan leather strap, cream dial with bold black indices — military-inspired, civilian-ready.', 'published', 'seed', 'seed');
INSERT INTO product_images (product_id, url, sort_order) VALUES ('watches-012', 'assets/images/watches/watches-012.png', 0);
INSERT INTO product_sizes (product_id, size, sort_order) VALUES ('watches-012', 'One Size', 0);
INSERT INTO product_occasions (product_id, occasion, sort_order) VALUES ('watches-012', 'weekend', 0);
INSERT INTO product_occasions (product_id, occasion, sort_order) VALUES ('watches-012', 'smart-casual', 1);

-- accessories-001: Brown Leather Belt
INSERT INTO products (id, name, category_id, price, color_name, color_hex, description, status, created_by, updated_by) VALUES ('accessories-001', 'Brown Leather Belt', (SELECT id FROM categories WHERE slug = 'accessories'), 75000, 'Brown', '#4a2e1a', 'A classic brown leather dress belt with brushed silver buckle — the everyday belt.', 'published', 'seed', 'seed');
INSERT INTO product_images (product_id, url, sort_order) VALUES ('accessories-001', 'assets/images/accessories/accessories-001.png', 0);
INSERT INTO product_sizes (product_id, size, sort_order) VALUES ('accessories-001', '32', 0);
INSERT INTO product_sizes (product_id, size, sort_order) VALUES ('accessories-001', '34', 1);
INSERT INTO product_sizes (product_id, size, sort_order) VALUES ('accessories-001', '36', 2);
INSERT INTO product_sizes (product_id, size, sort_order) VALUES ('accessories-001', '38', 3);
INSERT INTO product_sizes (product_id, size, sort_order) VALUES ('accessories-001', '40', 4);
INSERT INTO product_occasions (product_id, occasion, sort_order) VALUES ('accessories-001', 'work', 0);
INSERT INTO product_occasions (product_id, occasion, sort_order) VALUES ('accessories-001', 'smart-casual', 1);

-- accessories-002: K-LINE Bifold Leather Wallet
INSERT INTO products (id, name, category_id, price, color_name, color_hex, description, status, created_by, updated_by) VALUES ('accessories-002', 'K-LINE Bifold Leather Wallet', (SELECT id FROM categories WHERE slug = 'accessories'), 95000, 'Brown', '#4a2e1a', 'A classic bifold wallet in soft brown leather, embossed with the K-LINE mark — six card slots, two billfold pockets.', 'published', 'seed', 'seed');
INSERT INTO product_images (product_id, url, sort_order) VALUES ('accessories-002', 'assets/images/accessories/accessories-002.png', 0);
INSERT INTO product_sizes (product_id, size, sort_order) VALUES ('accessories-002', 'One Size', 0);
INSERT INTO product_occasions (product_id, occasion, sort_order) VALUES ('accessories-002', 'everyday', 0);
INSERT INTO product_badges (product_id, badge, sort_order) VALUES ('accessories-002', 'signature', 0);

-- accessories-003: Navy Textured Silk Tie
INSERT INTO products (id, name, category_id, price, color_name, color_hex, description, status, created_by, updated_by) VALUES ('accessories-003', 'Navy Textured Silk Tie', (SELECT id FROM categories WHERE slug = 'accessories'), 65000, 'Navy', '#1c2a48', 'A finely textured navy silk tie — the most useful tie any man can own.', 'published', 'seed', 'seed');
INSERT INTO product_images (product_id, url, sort_order) VALUES ('accessories-003', 'assets/images/accessories/accessories-003.png', 0);
INSERT INTO product_sizes (product_id, size, sort_order) VALUES ('accessories-003', 'One Size', 0);
INSERT INTO product_occasions (product_id, occasion, sort_order) VALUES ('accessories-003', 'work', 0);
INSERT INTO product_occasions (product_id, occasion, sort_order) VALUES ('accessories-003', 'event', 1);
INSERT INTO product_occasions (product_id, occasion, sort_order) VALUES ('accessories-003', 'formal', 2);

-- accessories-004: Black Leather Reversible Belt
INSERT INTO products (id, name, category_id, price, color_name, color_hex, description, status, created_by, updated_by) VALUES ('accessories-004', 'Black Leather Reversible Belt', (SELECT id FROM categories WHERE slug = 'accessories'), 95000, 'Black', '#0e0e10', 'Black leather one side, brown the other, brushed silver rotating buckle — two belts in one for the work wardrobe.', 'published', 'seed', 'seed');
INSERT INTO product_images (product_id, url, sort_order) VALUES ('accessories-004', 'assets/images/accessories/accessories-004.png', 0);
INSERT INTO product_sizes (product_id, size, sort_order) VALUES ('accessories-004', '32', 0);
INSERT INTO product_sizes (product_id, size, sort_order) VALUES ('accessories-004', '34', 1);
INSERT INTO product_sizes (product_id, size, sort_order) VALUES ('accessories-004', '36', 2);
INSERT INTO product_sizes (product_id, size, sort_order) VALUES ('accessories-004', '38', 3);
INSERT INTO product_sizes (product_id, size, sort_order) VALUES ('accessories-004', '40', 4);
INSERT INTO product_occasions (product_id, occasion, sort_order) VALUES ('accessories-004', 'work', 0);
INSERT INTO product_occasions (product_id, occasion, sort_order) VALUES ('accessories-004', 'formal', 1);

-- accessories-005: Premium Brown Bifold Wallet
INSERT INTO products (id, name, category_id, price, color_name, color_hex, description, status, created_by, updated_by) VALUES ('accessories-005', 'Premium Brown Bifold Wallet', (SELECT id FROM categories WHERE slug = 'accessories'), 110000, 'Walnut', '#5a3520', 'Burnished walnut leather bifold with a small embossed crest — slim profile, eight card slots, hand-finished edges.', 'published', 'seed', 'seed');
INSERT INTO product_images (product_id, url, sort_order) VALUES ('accessories-005', 'assets/images/accessories/accessories-005.png', 0);
INSERT INTO product_sizes (product_id, size, sort_order) VALUES ('accessories-005', 'One Size', 0);
INSERT INTO product_occasions (product_id, occasion, sort_order) VALUES ('accessories-005', 'everyday', 0);

-- accessories-006: Black Saffiano Card Holder
INSERT INTO products (id, name, category_id, price, color_name, color_hex, description, status, created_by, updated_by) VALUES ('accessories-006', 'Black Saffiano Card Holder', (SELECT id FROM categories WHERE slug = 'accessories'), 75000, 'Black', '#0e0e10', 'Slim saffiano-leather card case in black — six slots and a centre pocket. The wallet replacement when pockets get tight.', 'published', 'seed', 'seed');
INSERT INTO product_images (product_id, url, sort_order) VALUES ('accessories-006', 'assets/images/accessories/accessories-006.png', 0);
INSERT INTO product_sizes (product_id, size, sort_order) VALUES ('accessories-006', 'One Size', 0);
INSERT INTO product_occasions (product_id, occasion, sort_order) VALUES ('accessories-006', 'everyday', 0);
INSERT INTO product_occasions (product_id, occasion, sort_order) VALUES ('accessories-006', 'work', 1);

-- accessories-007: Solid Navy Silk Tie
INSERT INTO products (id, name, category_id, price, color_name, color_hex, description, status, created_by, updated_by) VALUES ('accessories-007', 'Solid Navy Silk Tie', (SELECT id FROM categories WHERE slug = 'accessories'), 65000, 'Navy', '#1c2a48', 'A smooth-finish navy silk tie — the polished, dressier counterpart to the textured weave.', 'published', 'seed', 'seed');
INSERT INTO product_images (product_id, url, sort_order) VALUES ('accessories-007', 'assets/images/accessories/accessories-007.png', 0);
INSERT INTO product_sizes (product_id, size, sort_order) VALUES ('accessories-007', 'One Size', 0);
INSERT INTO product_occasions (product_id, occasion, sort_order) VALUES ('accessories-007', 'work', 0);
INSERT INTO product_occasions (product_id, occasion, sort_order) VALUES ('accessories-007', 'formal', 1);
INSERT INTO product_occasions (product_id, occasion, sort_order) VALUES ('accessories-007', 'event', 2);

-- accessories-008: Burgundy Silk Bow Tie
INSERT INTO products (id, name, category_id, price, color_name, color_hex, description, status, created_by, updated_by) VALUES ('accessories-008', 'Burgundy Silk Bow Tie', (SELECT id FROM categories WHERE slug = 'accessories'), 70000, 'Burgundy', '#6e1f29', 'Pre-tied burgundy silk bow tie with adjustable neck strap — black-tie alternative for men who want colour.', 'published', 'seed', 'seed');
INSERT INTO product_images (product_id, url, sort_order) VALUES ('accessories-008', 'assets/images/accessories/accessories-008.png', 0);
INSERT INTO product_sizes (product_id, size, sort_order) VALUES ('accessories-008', 'One Size', 0);
INSERT INTO product_occasions (product_id, occasion, sort_order) VALUES ('accessories-008', 'event', 0);
INSERT INTO product_occasions (product_id, occasion, sort_order) VALUES ('accessories-008', 'formal', 1);

-- accessories-009: Brushed Steel Square Cufflinks
INSERT INTO products (id, name, category_id, price, color_name, color_hex, description, status, created_by, updated_by) VALUES ('accessories-009', 'Brushed Steel Square Cufflinks', (SELECT id FROM categories WHERE slug = 'accessories'), 95000, 'Steel', '#c8c8c8', 'Cushion-square brushed-steel cufflinks with polished bevel edges — the only pair you need for French cuffs.', 'published', 'seed', 'seed');
INSERT INTO product_images (product_id, url, sort_order) VALUES ('accessories-009', 'assets/images/accessories/accessories-009.png', 0);
INSERT INTO product_sizes (product_id, size, sort_order) VALUES ('accessories-009', 'One Size', 0);
INSERT INTO product_occasions (product_id, occasion, sort_order) VALUES ('accessories-009', 'formal', 0);
INSERT INTO product_occasions (product_id, occasion, sort_order) VALUES ('accessories-009', 'event', 1);

-- accessories-010: Black Leather & Onyx Bracelet
INSERT INTO products (id, name, category_id, price, color_name, color_hex, description, status, created_by, updated_by) VALUES ('accessories-010', 'Black Leather & Onyx Bracelet', (SELECT id FROM categories WHERE slug = 'accessories'), 75000, 'Black', '#0e0e10', 'Braided black leather paired with matte onyx beads and a brushed steel magnetic clasp — quietly substantial on the wrist.', 'published', 'seed', 'seed');
INSERT INTO product_images (product_id, url, sort_order) VALUES ('accessories-010', 'assets/images/accessories/accessories-010.png', 0);
INSERT INTO product_sizes (product_id, size, sort_order) VALUES ('accessories-010', 'One Size', 0);
INSERT INTO product_occasions (product_id, occasion, sort_order) VALUES ('accessories-010', 'weekend', 0);
INSERT INTO product_occasions (product_id, occasion, sort_order) VALUES ('accessories-010', 'smart-casual', 1);

-- accessories-011: Navy Paisley Silk Pocket Square
INSERT INTO products (id, name, category_id, price, color_name, color_hex, description, status, created_by, updated_by) VALUES ('accessories-011', 'Navy Paisley Silk Pocket Square', (SELECT id FROM categories WHERE slug = 'accessories'), 55000, 'Navy Paisley', '#1f2c4d', 'Navy silk pocket square with traditional paisley print — finishes a blazer or suit without overpowering it.', 'published', 'seed', 'seed');
INSERT INTO product_images (product_id, url, sort_order) VALUES ('accessories-011', 'assets/images/accessories/accessories-011.png', 0);
INSERT INTO product_sizes (product_id, size, sort_order) VALUES ('accessories-011', 'One Size', 0);
INSERT INTO product_occasions (product_id, occasion, sort_order) VALUES ('accessories-011', 'event', 0);
INSERT INTO product_occasions (product_id, occasion, sort_order) VALUES ('accessories-011', 'formal', 1);

-- accessories-012: Black Leather Dopp Kit
INSERT INTO products (id, name, category_id, price, color_name, color_hex, description, status, created_by, updated_by) VALUES ('accessories-012', 'Black Leather Dopp Kit', (SELECT id FROM categories WHERE slug = 'accessories'), 195000, 'Black', '#0e0e10', 'Pebble-grain black leather toiletry bag with water-resistant lining and brass zip — the travel piece that lasts a decade.', 'published', 'seed', 'seed');
INSERT INTO product_images (product_id, url, sort_order) VALUES ('accessories-012', 'assets/images/accessories/accessories-012.png', 0);
INSERT INTO product_sizes (product_id, size, sort_order) VALUES ('accessories-012', 'One Size', 0);
INSERT INTO product_occasions (product_id, occasion, sort_order) VALUES ('accessories-012', 'everyday', 0);

-- Settings singleton: pulls the contact/social constants out of the
-- window.KLINE helper at the bottom of products.js so the dashboard
-- doesn't start empty. Phase 1g's Site copy admin lets the owner edit.
INSERT INTO settings (id, whatsapp_display, whatsapp_raw, call_display, call_raw, email, instagram_handle, instagram_url) VALUES (1, '+256 777 466 979', '256777466979', '+256 704 667 111', '256704667111', 'klinedesignltd@gmail.com', '@k_linemen', 'https://www.instagram.com/k_linemen/');

-- Homepage and delivery_returns singletons start empty; Phase 1f / 1g fills them.
INSERT INTO homepage (id) VALUES (1);
INSERT INTO delivery_returns (id) VALUES (1);

-- Summary: 17 categories, 189 products, 189 images, 833 sizes, 376 occasions, 56 badges, 1 settings row, 1 homepage row, 1 delivery_returns row.
